year,ref_date,muni_code,muni_code_6digit,pref,muni,row_type,city_code,pop_total,age_0_4,age_5_9,age_10_14,age_15_19,age_20_24,age_25_29,age_30_34,age_35_39,age_40_44,age_45_49,age_50_54,age_55_59,age_60_64,age_65_69,age_70_74,age_75_79,age_80_84,age_85_89,age_90_94,age_95_99,age_100p,age_80p,pop_m,age_0_4_m,age_5_9_m,age_10_14_m,age_15_19_m,age_20_24_m,age_25_29_m,age_30_34_m,age_35_39_m,age_40_44_m,age_45_49_m,age_50_54_m,age_55_59_m,age_60_64_m,age_65_69_m,age_70_74_m,age_75_79_m,age_80_84_m,age_85_89_m,age_90_94_m,age_95_99_m,age_100p_m,age_80p_m,pop_f,age_0_4_f,age_5_9_f,age_10_14_f,age_15_19_f,age_20_24_f,age_25_29_f,age_30_34_f,age_35_39_f,age_40_44_f,age_45_49_f,age_50_54_f,age_55_59_f,age_60_64_f,age_65_69_f,age_70_74_f,age_75_79_f,age_80_84_f,age_85_89_f,age_90_94_f,age_95_99_f,age_100p_f,age_80p_f,std_note
2010,2010-03-31,14209,142093,神奈川県,相模原市,city,14209,696994,30544,31514,32953,33990,39422,44673,51782,61594,54974,45457,39241,45710,52626,47752,34777,23654,,,,,,26331,353894,15761,16199,16948,17302,20192,23521,27387,32735,29364,24125,20498,22942,25575,23433,17528,10989,,,,,,9395,343100,14783,15315,16005,16688,19230,21152,24395,28859,25610,21332,18743,22768,27051,24319,17249,12665,,,,,,16936,C_designated_city
2010,2010-03-31,22131,221317,静岡県,浜松市中区,ward,22130,233307,10174,10486,10882,10886,12511,14250,15437,18297,16769,15450,14942,15484,16763,14250,12150,10718,,,,,,13858,116156,5189,5430,5637,5582,6657,7546,8027,9446,8780,8011,7783,7894,8303,6806,5570,4587,,,,,,4908,117151,4985,5056,5245,5304,5854,6704,7410,8851,7989,7439,7159,7590,8460,7444,6580,6131,,,,,,8950,D_ward_reorg
2010,2010-03-31,22132,221325,静岡県,浜松市東区,ward,22130,125376,6478,6449,6041,5818,6243,7554,9109,10771,8843,7643,7222,8018,9013,8084,6424,5082,,,,,,6584,62988,3324,3418,3150,2993,3124,3945,4749,5606,4663,4042,3752,4108,4418,3940,3114,2372,,,,,,2270,62388,3154,3031,2891,2825,3119,3609,4360,5165,4180,3601,3470,3910,4595,4144,3310,2710,,,,,,4314,D_ward_reorg
2010,2010-03-31,22133,221333,静岡県,浜松市西区,ward,22130,113121,5878,5849,5747,5291,5500,6546,7846,9255,7638,6711,6708,7350,8271,7030,5763,4852,,,,,,6886,56155,3012,3060,3006,2692,2851,3386,4020,4733,4013,3473,3385,3644,4140,3442,2782,2174,,,,,,2342,56966,2866,2789,2741,2599,2649,3160,3826,4522,3625,3238,3323,3706,4131,3588,2981,2678,,,,,,4544,D_ward_reorg
2010,2010-03-31,22134,221341,静岡県,浜松市南区,ward,22130,100875,4507,4792,5043,4739,5284,6164,6863,7771,6908,6079,5982,6617,7599,6731,5646,4532,,,,,,5618,50782,2338,2511,2562,2468,2803,3439,3591,4042,3650,3209,3086,3304,3721,3317,2741,2071,,,,,,1929,50093,2169,2281,2481,2271,2481,2725,3272,3729,3258,2870,2896,3313,3878,3414,2905,2461,,,,,,3689,D_ward_reorg
2010,2010-03-31,22135,221350,静岡県,浜松市北区,ward,22130,93874,3930,4293,4673,4741,4965,5246,5794,6514,5623,5796,6135,7005,7177,5764,4579,4339,,,,,,7300,46395,2024,2282,2351,2418,2527,2729,3093,3417,2812,2951,3098,3516,3717,2847,2203,1866,,,,,,2544,47479,1906,2011,2322,2323,2438,2517,2701,3097,2811,2845,3037,3489,3460,2917,2376,2473,,,,,,4756,D_ward_reorg
2010,2010-03-31,22136,221368,静岡県,浜松市浜北区,ward,22130,90605,4547,4622,4304,4298,4643,5324,6203,6841,5660,5257,5731,6475,6768,5694,4673,3948,,,,,,5617,44900,2315,2318,2171,2204,2317,2673,3191,3552,2941,2720,2853,3177,3452,2807,2315,1832,,,,,,2062,45705,2232,2304,2133,2094,2326,2651,3012,3289,2719,2537,2878,3298,3316,2887,2358,2116,,,,,,3555,D_ward_reorg
2010,2010-03-31,22137,221376,静岡県,浜松市天竜区,ward,22130,35288,825,1023,1245,1677,1641,1380,1279,1443,1603,1987,2497,2901,2746,2608,2650,2944,,,,,,4839,17012,411,529,612,806,872,707,713,751,810,999,1350,1544,1458,1245,1157,1263,,,,,,1785,18276,414,494,633,871,769,673,566,692,793,988,1147,1357,1288,1363,1493,1681,,,,,,3054,D_ward_reorg
2010,2010-03-31,43201,432016,熊本県,熊本市,city,43201,723707,34812,35310,36763,37505,40575,45033,49305,52137,47130,46229,46923,50381,50622,39457,34478,31455,,,,,,45592,340770,17703,18053,18833,19044,19879,21793,24061,25472,22180,22000,22577,24176,24074,17915,14977,13129,,,,,,14904,382937,17109,17257,17930,18461,20696,23240,25244,26665,24950,24229,24346,26205,26548,21542,19501,18326,,,,,,30688,C_designated_city
2011,2011-03-31,22131,221317,静岡県,浜松市中区,ward,22130,232259,9928,10203,10844,10874,11977,14079,14774,17927,16945,15690,14801,14995,17820,13619,12263,11066,,,,,,14454,115611,5056,5274,5652,5570,6343,7487,7727,9214,8858,8071,7675,7691,8916,6502,5686,4771,,,,,,5118,116648,4872,4929,5192,5304,5634,6592,7047,8713,8087,7619,7126,7304,8904,7117,6577,6295,,,,,,9336,D_ward_reorg
2011,2011-03-31,22132,221325,静岡県,浜松市東区,ward,22130,125442,6454,6325,6093,5827,5965,7491,8817,10602,9170,7888,7086,7730,9437,7717,6662,5264,,,,,,6914,62994,3327,3301,3197,2977,2972,3943,4558,5568,4838,4171,3649,3969,4683,3753,3189,2450,,,,,,2449,62448,3127,3024,2896,2850,2993,3548,4259,5034,4332,3717,3437,3761,4754,3964,3473,2814,,,,,,4465,D_ward_reorg
2011,2011-03-31,22133,221333,静岡県,浜松市西区,ward,22130,113228,5784,5902,5771,5319,5185,6456,7566,9138,7954,6928,6592,7067,8774,6699,5931,5007,,,,,,7155,56296,2949,3086,3010,2728,2712,3355,3910,4643,4176,3618,3327,3503,4406,3295,2855,2239,,,,,,2484,56932,2835,2816,2761,2591,2473,3101,3656,4495,3778,3310,3265,3564,4368,3404,3076,2768,,,,,,4671,D_ward_reorg
2011,2011-03-31,22134,221341,静岡県,浜松市南区,ward,22130,101302,4669,4686,5054,4789,5122,6185,6607,7733,7229,6109,6004,6316,7972,6423,5784,4715,,,,,,5905,50935,2453,2417,2553,2490,2677,3454,3433,4052,3815,3231,3074,3216,3890,3146,2824,2163,,,,,,2047,50367,2216,2269,2501,2299,2445,2731,3174,3681,3414,2878,2930,3100,4082,3277,2960,2552,,,,,,3858,D_ward_reorg
2011,2011-03-31,22135,221350,静岡県,浜松市北区,ward,22130,93777,3982,4206,4638,4721,4727,5258,5521,6476,5784,5751,5937,6826,7759,5551,4769,4309,,,,,,7562,46297,2057,2260,2335,2423,2370,2678,2985,3415,2884,2918,3004,3390,4017,2754,2291,1860,,,,,,2656,47480,1925,1946,2303,2298,2357,2580,2536,3061,2900,2833,2933,3436,3742,2797,2478,2449,,,,,,4906,D_ward_reorg
2011,2011-03-31,22136,221368,静岡県,浜松市浜北区,ward,22130,91644,4664,4770,4399,4237,4497,5320,6129,7013,5994,5252,5627,6146,7410,5433,4806,4101,,,,,,5846,45427,2378,2408,2226,2158,2261,2669,3135,3645,3101,2717,2827,3018,3757,2691,2359,1906,,,,,,2171,46217,2286,2362,2173,2079,2236,2651,2994,3368,2893,2535,2800,3128,3653,2742,2447,2195,,,,,,3675,D_ward_reorg
2011,2011-03-31,22137,221376,静岡県,浜松市天竜区,ward,22130,34521,798,967,1214,1558,1572,1372,1230,1418,1508,1905,2406,2759,3000,2413,2550,2851,,,,,,5000,16662,404,494,598,748,841,712,672,750,766,950,1285,1483,1600,1158,1127,1220,,,,,,1854,17859,394,473,616,810,731,660,558,668,742,955,1121,1276,1400,1255,1423,1631,,,,,,3146,D_ward_reorg
2011,2011-03-31,43201,432016,熊本県,熊本市,city,43201,724773,35096,34537,36829,37531,39165,44803,47742,52833,47636,46299,46352,48896,55036,37635,34704,31999,,,,,,47680,341235,17808,17657,18890,19008,19184,21728,23373,25715,22614,21987,22105,23544,26231,17123,15104,13378,,,,,,15786,383538,17288,16880,17939,18523,19981,23075,24369,27118,25022,24312,24247,25352,28805,20512,19600,18621,,,,,,31894,C_designated_city
2012,2012-03-31,22131,221317,静岡県,浜松市中区,ward,22130,231870,9869,10018,10772,10883,11719,13789,14647,17033,17884,15396,14885,14554,18163,13357,12458,11222,,,,,,15221,115273,4999,5131,5594,5556,6188,7391,7708,8787,9217,7959,7703,7463,9134,6369,5779,4917,,,,,,5378,116597,4870,4887,5178,5327,5531,6398,6939,8246,8667,7437,7182,7091,9029,6988,6679,6305,,,,,,9843,D_ward_reorg
2012,2012-03-31,22132,221325,静岡県,浜松市東区,ward,22130,125627,6301,6273,6214,5726,5934,7390,8409,10376,9887,7761,7146,7387,9489,7577,6993,5472,,,,,,7292,63086,3282,3252,3287,2962,2942,3818,4374,5455,5186,4133,3711,3774,4718,3694,3321,2578,,,,,,2599,62541,3019,3021,2927,2764,2992,3572,4035,4921,4701,3628,3435,3613,4771,3883,3672,2894,,,,,,4693,D_ward_reorg
2012,2012-03-31,22133,221333,静岡県,浜松市西区,ward,22130,113025,5566,5905,5791,5370,5096,6142,7220,8923,8528,6819,6561,6727,8891,6749,6138,5028,,,,,,7571,56144,2809,3049,3017,2756,2639,3218,3763,4535,4417,3611,3332,3323,4399,3361,2975,2264,,,,,,2676,56881,2757,2856,2774,2614,2457,2924,3457,4388,4111,3208,3229,3404,4492,3388,3163,2764,,,,,,4895,D_ward_reorg
2012,2012-03-31,22134,221341,静岡県,浜松市南区,ward,22130,101242,4613,4643,5035,4758,4839,6230,6464,7632,7602,6098,5949,6064,7977,6312,6017,4801,,,,,,6208,50866,2405,2415,2524,2454,2519,3461,3411,4000,3958,3248,3087,3070,3915,3098,2909,2189,,,,,,2203,50376,2208,2228,2511,2304,2320,2769,3053,3632,3644,2850,2862,2994,4062,3214,3108,2612,,,,,,4005,D_ward_reorg
2012,2012-03-31,22135,221350,静岡県,浜松市北区,ward,22130,93736,3986,4189,4511,4706,4661,5125,5464,6323,6250,5543,5780,6603,8016,5599,4888,4358,,,,,,7734,46287,2038,2239,2316,2397,2311,2633,2907,3335,3191,2796,2914,3277,4141,2798,2356,1903,,,,,,2735,47449,1948,1950,2195,2309,2350,2492,2557,2988,3059,2747,2866,3326,3875,2801,2532,2455,,,,,,4999,D_ward_reorg
2012,2012-03-31,22136,221368,静岡県,浜松市浜北区,ward,22130,92592,4772,4829,4516,4220,4294,5254,6039,7042,6513,5231,5547,5928,7658,5429,4966,4204,,,,,,6150,45960,2469,2442,2271,2144,2205,2601,3122,3642,3383,2732,2774,2923,3854,2704,2416,1971,,,,,,2307,46632,2303,2387,2245,2076,2089,2653,2917,3400,3130,2499,2773,3005,3804,2725,2550,2233,,,,,,3843,D_ward_reorg
2012,2012-03-31,22137,221376,静岡県,浜松市天竜区,ward,22130,33618,773,915,1126,1461,1580,1317,1184,1400,1527,1720,2265,2642,3129,2232,2556,2692,,,,,,5099,16184,399,457,537,699,845,703,642,732,772,853,1200,1451,1643,1073,1158,1134,,,,,,1886,17434,374,458,589,762,735,614,542,668,755,867,1065,1191,1486,1159,1398,1558,,,,,,3213,D_ward_reorg
2012,2012-03-31,43201,432016,熊本県,熊本市,city,43201,725005,34615,34357,36559,37113,38161,44090,46625,52865,49349,45667,45891,47674,55833,38705,35228,32323,,,,,,49950,341073,17588,17593,18732,18752,18603,21399,22673,25778,23622,21533,21904,22970,26527,17844,15341,13486,,,,,,16728,383932,17027,16764,17827,18361,19558,22691,23952,27087,25727,24134,23987,24704,29306,20861,19887,18837,,,,,,33222,C_designated_city
2013,2013-03-31,22131,221317,静岡県,浜松市中区,ward,22130,231666,9792,9751,10738,10865,11446,13602,14431,16308,18002,15935,14816,14390,17166,14429,12598,11269,,,,,,16128,115123,5014,4956,5605,5517,6007,7249,7635,8347,9284,8300,7620,7455,8662,6895,5869,4937,,,,,,5771,116543,4778,4795,5133,5348,5439,6353,6796,7961,8718,7635,7196,6935,8504,7534,6729,6332,,,,,,10357,D_ward_reorg
2013,2013-03-31,22132,221325,静岡県,浜松市東区,ward,22130,126147,6229,6292,6313,5775,5811,7390,8179,9914,10168,8133,7286,7167,8934,7999,7262,5622,,,,,,7673,63265,3217,3275,3316,3022,2857,3805,4248,5231,5315,4322,3772,3699,4440,3880,3449,2663,,,,,,2754,62882,3012,3017,2997,2753,2954,3585,3931,4683,4853,3811,3514,3468,4494,4119,3813,2959,,,,,,4919,D_ward_reorg
2013,2013-03-31,22133,221333,静岡県,浜松市西区,ward,22130,112295,5299,5827,5870,5427,4894,5875,6893,8499,8725,7136,6438,6627,8326,7273,6206,5178,,,,,,7802,55806,2663,2991,3083,2775,2518,3118,3655,4314,4483,3771,3281,3301,4116,3586,2998,2374,,,,,,2779,56489,2636,2836,2787,2652,2376,2757,3238,4185,4242,3365,3157,3326,4210,3687,3208,2804,,,,,,5023,D_ward_reorg
2013,2013-03-31,22134,221341,静岡県,浜松市南区,ward,22130,100455,4435,4643,4919,4839,4638,5875,6244,7365,7598,6370,5894,5886,7464,6789,6019,5005,,,,,,6472,50492,2318,2394,2512,2457,2423,3251,3315,3842,3967,3379,3056,3004,3675,3371,2888,2262,,,,,,2378,49963,2117,2249,2407,2382,2215,2624,2929,3523,3631,2991,2838,2882,3789,3418,3131,2743,,,,,,4094,D_ward_reorg
2013,2013-03-31,22135,221350,静岡県,浜松市北区,ward,22130,93611,3972,4178,4477,4733,4392,5007,5384,6134,6400,5625,5759,6354,7789,6081,5025,4391,,,,,,7910,46206,1994,2224,2340,2392,2185,2588,2810,3287,3278,2823,2912,3173,3968,3047,2465,1948,,,,,,2772,47405,1978,1954,2137,2341,2207,2419,2574,2847,3122,2802,2847,3181,3821,3034,2560,2443,,,,,,5138,D_ward_reorg
2013,2013-03-31,22136,221368,静岡県,浜松市浜北区,ward,22130,93377,4780,4898,4634,4223,4173,5106,6082,7026,6729,5499,5448,5773,7338,5831,5162,4218,,,,,,6457,46373,2517,2481,2354,2122,2136,2556,3119,3620,3512,2832,2748,2835,3668,2922,2525,1985,,,,,,2441,47004,2263,2417,2280,2101,2037,2550,2963,3406,3217,2667,2700,2938,3670,2909,2637,2233,,,,,,4016,D_ward_reorg
2013,2013-03-31,22137,221376,静岡県,浜松市天竜区,ward,22130,32962,763,882,1102,1361,1457,1339,1198,1321,1481,1626,2187,2566,3007,2424,2412,2650,,,,,,5186,15895,390,436,539,683,756,704,631,713,755,805,1171,1393,1576,1218,1117,1100,,,,,,1908,17067,373,446,563,678,701,635,567,608,726,821,1016,1173,1431,1206,1295,1550,,,,,,3278,D_ward_reorg
2014,2014-01-01,22131,221317,静岡県,浜松市中区,ward,22130,231818,9674,9864,10537,10937,11415,13293,14358,15890,18087,16353,14801,14415,16411,15070,13034,11171,,,,,,16508,115236,4943,5011,5473,5618,6042,7054,7583,8184,9321,8540,7544,7478,8242,7242,6108,4915,,,,,,5938,116582,4731,4853,5064,5319,5373,6239,6775,7706,8766,7813,7257,6937,8169,7828,6926,6256,,,,,,10570,D_ward_reorg
2014,2014-01-01,22132,221325,静岡県,浜松市東区,ward,22130,126419,6219,6236,6357,5837,5722,7304,8079,9497,10373,8407,7337,7203,8495,8315,7402,5759,,,,,,7877,63388,3227,3273,3335,3042,2857,3700,4220,4974,5411,4505,3783,3710,4267,4006,3485,2726,,,,,,2867,63031,2992,2963,3022,2795,2865,3604,3859,4523,4962,3902,3554,3493,4228,4309,3917,3033,,,,,,5010,D_ward_reorg
2014,2014-01-01,22133,221333,静岡県,浜松市西区,ward,22130,112041,5148,5704,5844,5649,4774,5787,6601,8091,8845,7353,6492,6633,7973,7562,6446,5189,,,,,,7950,55730,2605,2925,3046,2952,2425,3105,3504,4100,4515,3886,3330,3308,3930,3755,3098,2382,,,,,,2864,56311,2543,2779,2798,2697,2349,2682,3097,3991,4330,3467,3162,3325,4043,3807,3348,2807,,,,,,5086,D_ward_reorg
2014,2014-01-01,22134,221341,静岡県,浜松市南区,ward,22130,100284,4381,4627,4824,4859,4531,5779,6078,7136,7667,6545,5919,5919,7076,7073,6196,5030,,,,,,6644,50347,2266,2390,2455,2478,2351,3159,3236,3728,4006,3444,3102,3046,3491,3446,2996,2301,,,,,,2452,49937,2115,2237,2369,2381,2180,2620,2842,3408,3661,3101,2817,2873,3585,3627,3200,2729,,,,,,4192,D_ward_reorg
2014,2014-01-01,22135,221350,静岡県,浜松市北区,ward,22130,93859,3978,4230,4405,4706,4388,4937,5458,6050,6434,5706,5734,6215,7535,6495,5220,4374,,,,,,7994,46345,2028,2241,2300,2402,2179,2506,2852,3243,3356,2822,2888,3115,3827,3270,2548,1958,,,,,,2810,47514,1950,1989,2105,2304,2209,2431,2606,2807,3078,2884,2846,3100,3708,3225,2672,2416,,,,,,5184,D_ward_reorg
2014,2014-01-01,22136,221368,静岡県,浜松市浜北区,ward,22130,94120,4851,4988,4668,4295,4118,5022,5973,7049,6929,5687,5370,5799,7095,6111,5342,4269,,,,,,6554,46833,2557,2562,2372,2164,2120,2519,3065,3674,3592,2941,2704,2849,3537,3056,2612,2012,,,,,,2497,47287,2294,2426,2296,2131,1998,2503,2908,3375,3337,2746,2666,2950,3558,3055,2730,2257,,,,,,4057,D_ward_reorg
2014,2014-01-01,22137,221376,静岡県,浜松市天竜区,ward,22130,32418,765,832,1060,1311,1388,1290,1188,1296,1473,1606,2092,2507,2940,2494,2415,2578,,,,,,5183,15638,391,410,532,645,710,682,640,690,770,807,1088,1359,1557,1256,1125,1076,,,,,,1900,16780,374,422,528,666,678,608,548,606,703,799,1004,1148,1383,1238,1290,1502,,,,,,3283,D_ward_reorg
2015,2015-01-01,22131,221317,静岡県,浜松市中区,ward,22130,231671,9727,9785,10437,10811,11353,12891,14178,15297,18100,16583,14935,14645,15260,15817,13595,11034,8901,5432,2229,559,102,17223,115117,5015,4958,5427,5574,6004,6853,7445,7902,9243,8663,7651,7610,7653,7694,6349,4895,3562,1923,579,102,15,6181,116554,4712,4827,5010,5237,5349,6038,6733,7395,8857,7920,7284,7035,7607,8123,7246,6139,5339,3509,1650,457,87,11042,D_ward_reorg
2015,2015-01-01,22132,221325,静岡県,浜松市東区,ward,22130,126721,6194,6116,6381,5940,5714,7023,8065,9012,10544,8650,7502,7126,7962,8694,7681,5867,4157,2500,1188,338,67,8250,63527,3262,3170,3360,3069,2918,3487,4253,4705,5512,4561,3888,3667,4053,4197,3644,2762,1788,849,296,72,14,3019,63194,2932,2946,3021,2871,2796,3536,3812,4307,5032,4089,3614,3459,3909,4497,4037,3105,2369,1651,892,266,53,5231,D_ward_reorg
2015,2015-01-01,22133,221333,静岡県,浜松市西区,ward,22130,111270,4889,5565,5796,5703,4842,5431,6291,7605,8929,7508,6599,6626,7292,8058,6648,5291,4104,2613,1108,305,67,8197,55325,2476,2845,3041,3006,2470,2873,3319,3905,4505,3920,3431,3311,3615,4006,3186,2468,1693,923,270,51,11,2948,55945,2413,2720,2755,2697,2372,2558,2972,3700,4424,3588,3168,3315,3677,4052,3462,2823,2411,1690,838,254,56,5249,D_ward_reorg
2015,2015-01-01,22134,221341,静岡県,浜松市南区,ward,22130,99786,4144,4471,4839,4873,4548,5559,5917,6767,7716,6705,5977,5934,6542,7290,6492,5002,3709,2123,875,260,43,7010,50159,2118,2321,2498,2446,2372,3078,3180,3546,4013,3553,3161,3044,3235,3537,3141,2330,1586,728,225,44,3,2586,49627,2026,2150,2341,2427,2176,2481,2737,3221,3703,3152,2816,2890,3307,3753,3351,2672,2123,1395,650,216,40,4424,D_ward_reorg
2015,2015-01-01,22135,221350,静岡県,浜松市北区,ward,22130,93391,3945,4235,4321,4611,4350,4659,5272,5947,6533,5686,5698,6164,7029,6971,5476,4270,3740,2797,1278,350,59,8224,46085,1998,2214,2293,2330,2212,2338,2739,3173,3406,2826,2910,3083,3519,3546,2657,1945,1492,993,326,73,12,2896,47306,1947,2021,2028,2281,2138,2321,2533,2774,3127,2860,2788,3081,3510,3425,2819,2325,2248,1804,952,277,47,5328,D_ward_reorg
2015,2015-01-01,22136,221368,静岡県,浜松市浜北区,ward,22130,94894,4901,5032,4743,4363,4060,4904,5994,6884,7223,5819,5301,5828,6593,6578,5534,4321,3298,2218,982,275,43,6816,47275,2604,2606,2390,2212,2060,2557,3043,3569,3751,3018,2688,2868,3240,3328,2681,2056,1445,828,270,54,7,2604,47619,2297,2426,2353,2151,2000,2347,2951,3315,3472,2801,2613,2960,3353,3250,2853,2265,1853,1390,712,221,36,4212,D_ward_reorg
2015,2015-01-01,22137,221376,静岡県,浜松市天竜区,ward,22130,31627,699,826,1018,1194,1305,1233,1173,1269,1396,1570,1959,2419,2784,2648,2436,2420,2444,1762,820,211,41,5278,15296,363,406,529,591,644,681,613,686,744,792,1002,1305,1468,1378,1148,1024,991,665,205,55,6,1922,16331,336,420,489,603,661,552,560,583,652,778,957,1114,1316,1270,1288,1396,1453,1097,615,156,35,3356,D_ward_reorg
2016,2016-01-01,22131,221317,静岡県,浜松市中区,ward,22130,231130,9661,9749,10110,10926,11343,12335,14001,14826,17938,16538,15547,14493,14704,16854,13053,11171,9236,5466,2470,608,101,17881,114776,4949,4886,5303,5633,5975,6582,7327,7694,9151,8665,7939,7511,7427,8280,6061,4983,3674,1913,692,117,14,6410,116354,4712,4863,4807,5293,5368,5753,6674,7132,8787,7873,7608,6982,7277,8574,6992,6188,5562,3553,1778,491,87,11471,D_ward_reorg
2016,2016-01-01,22132,221325,静岡県,浜松市東区,ward,22130,126846,6131,6127,6255,6017,5780,6648,8051,8590,10468,8870,7847,7068,7684,9096,7430,6055,4482,2591,1247,348,61,8729,63579,3247,3158,3288,3131,2977,3282,4242,4478,5465,4674,4113,3608,3919,4427,3538,2793,1937,927,297,68,10,3239,63267,2884,2969,2967,2886,2803,3366,3809,4112,5003,4196,3734,3460,3765,4669,3892,3262,2545,1664,950,280,51,5490,D_ward_reorg
2016,2016-01-01,22133,221333,静岡県,浜松市西区,ward,22130,110772,4747,5492,5780,5731,4830,5048,6107,7268,8890,7581,6958,6511,7057,8385,6481,5376,4284,2653,1203,312,78,8530,55031,2413,2799,3009,3028,2471,2646,3233,3704,4491,3972,3616,3254,3496,4189,3105,2510,1798,922,310,55,10,3095,55741,2334,2693,2771,2703,2359,2402,2874,3564,4399,3609,3342,3257,3561,4196,3376,2866,2486,1731,893,257,68,5435,D_ward_reorg
2016,2016-01-01,22134,221341,静岡県,浜松市南区,ward,22130,99766,4052,4441,4685,4907,4661,5538,5861,6408,7623,6905,6127,5889,6306,7605,6208,5186,3892,2213,926,280,53,7364,50193,2050,2344,2419,2461,2461,3030,3195,3371,4009,3615,3206,3010,3173,3672,2985,2466,1661,794,213,53,5,2726,49573,2002,2097,2266,2446,2200,2508,2666,3037,3614,3290,2921,2879,3133,3933,3223,2720,2231,1419,713,227,48,4638,D_ward_reorg
2016,2016-01-01,22135,221350,静岡県,浜松市北区,ward,22130,93157,3912,4300,4269,4543,4298,4380,5280,5752,6529,5722,5814,5964,6818,7461,5356,4429,3764,2768,1353,380,65,8330,46027,2007,2217,2284,2289,2196,2208,2719,3099,3398,2857,2971,2984,3400,3811,2589,2047,1510,981,370,77,13,2951,47130,1905,2083,1985,2254,2102,2172,2561,2653,3131,2865,2843,2980,3418,3650,2767,2382,2254,1787,983,303,52,5379,D_ward_reorg
2016,2016-01-01,22136,221368,静岡県,浜松市浜北区,ward,22130,95660,4879,5122,4861,4382,4076,4774,5939,6808,7389,5982,5474,5683,6306,7141,5280,4439,3515,2232,1043,289,46,7125,47709,2596,2684,2440,2223,2075,2518,2998,3508,3878,3072,2811,2804,3091,3574,2549,2121,1539,862,302,57,7,2767,47951,2283,2438,2421,2159,2001,2256,2941,3300,3511,2910,2663,2879,3215,3567,2731,2318,1976,1370,741,232,39,4358,D_ward_reorg
2016,2016-01-01,22137,221376,静岡県,浜松市天竜区,ward,22130,30762,661,796,957,1127,1209,1161,1131,1190,1380,1453,1877,2323,2703,2817,2316,2313,2392,1800,865,246,45,5348,14876,352,396,482,549,605,653,575,670,732,727,950,1245,1446,1477,1094,964,986,668,250,49,6,1959,15886,309,400,475,578,604,508,556,520,648,726,927,1078,1257,1340,1222,1349,1406,1132,615,197,39,3389,D_ward_reorg
2017,2017-01-01,22131,221317,静岡県,浜松市中区,ward,22130,230558,9506,9638,10004,10797,11325,12215,13581,14419,17368,17831,15101,14421,14248,17476,12555,11360,9523,5733,2680,676,101,18713,114584,4912,4877,5174,5592,5949,6472,7205,7496,8806,9290,7813,7398,7244,8667,5838,5055,3870,2001,775,140,10,6796,115974,4594,4761,4830,5205,5376,5743,6376,6923,8562,8541,7288,7023,7004,8809,6717,6305,5653,3732,1905,536,91,11917,D_ward_reorg
2017,2017-01-01,22132,221325,静岡県,浜松市東区,ward,22130,127018,6037,6062,6256,6127,5710,6450,7913,8365,10257,9830,7571,7032,7451,9300,7200,6360,4612,2758,1303,367,57,9097,63740,3195,3164,3243,3232,2962,3223,4111,4390,5362,5130,3992,3612,3795,4551,3428,2930,2023,1010,311,70,6,3420,63278,2842,2898,3013,2895,2748,3227,3802,3975,4895,4700,3579,3420,3656,4749,3772,3430,2589,1748,992,297,51,5677,D_ward_reorg
2017,2017-01-01,22133,221333,静岡県,浜松市西区,ward,22130,110243,4621,5283,5788,5789,4838,4786,5948,6896,8628,8384,6608,6447,6765,8727,6318,5599,4305,2794,1308,344,67,8818,54830,2394,2701,2989,3024,2494,2523,3174,3542,4379,4304,3479,3272,3319,4304,3083,2621,1808,1012,341,58,9,3228,55413,2227,2582,2799,2765,2344,2263,2774,3354,4249,4080,3129,3175,3446,4423,3235,2978,2497,1782,967,286,58,5590,D_ward_reorg
2017,2017-01-01,22134,221341,静岡県,浜松市南区,ward,22130,99281,3995,4338,4663,4840,4539,5452,5771,6198,7434,7432,5924,5900,6053,7693,5966,5451,3972,2319,1002,290,49,7632,49920,2061,2243,2450,2406,2371,3000,3099,3256,3921,3865,3134,3043,3067,3729,2888,2541,1686,878,233,42,7,2846,49361,1934,2095,2213,2434,2168,2452,2672,2942,3513,3567,2790,2857,2986,3964,3078,2910,2286,1441,769,248,42,4786,D_ward_reorg
2017,2017-01-01,22135,221350,静岡県,浜松市北区,ward,22130,92675,3888,4200,4233,4435,4146,4229,5083,5684,6458,6293,5390,5804,6646,7838,5304,4505,3802,2837,1454,381,65,8539,45821,1995,2170,2236,2261,2124,2163,2616,3021,3397,3157,2750,2895,3307,4005,2592,2078,1555,1011,402,73,13,3054,46854,1893,2030,1997,2174,2022,2066,2467,2663,3061,3136,2640,2909,3339,3833,2712,2427,2247,1826,1052,308,52,5485,D_ward_reorg
2017,2017-01-01,22136,221368,静岡県,浜松市浜北区,ward,22130,96424,4884,5223,4902,4486,4067,4558,5923,6702,7380,6729,5178,5585,6112,7537,5150,4611,3594,2305,1135,316,47,7397,48058,2617,2713,2507,2250,2057,2386,3000,3448,3850,3482,2660,2745,2981,3775,2502,2182,1583,911,342,57,10,2903,48366,2267,2510,2395,2236,2010,2172,2923,3254,3530,3247,2518,2840,3131,3762,2648,2429,2011,1394,793,259,37,4494,D_ward_reorg
2017,2017-01-01,22137,221376,静岡県,浜松市天竜区,ward,22130,30034,641,782,895,1074,1121,1114,1086,1140,1346,1513,1665,2251,2589,2994,2143,2312,2322,1791,945,264,46,5368,14548,342,391,446,525,550,637,581,622,719,772,821,1215,1398,1572,1013,998,933,663,289,50,11,1946,15486,299,391,449,549,571,477,505,518,627,741,844,1036,1191,1422,1130,1314,1389,1128,656,214,35,3422,D_ward_reorg
2018,2018-01-01,22131,221317,静岡県,浜松市中区,ward,22130,229914,9336,9681,9835,10841,11199,11843,13283,14201,16635,17845,15709,14585,13877,16865,13236,11538,9641,6128,2811,729,96,19405,114171,4864,4919,5065,5640,5895,6262,7031,7370,8460,9201,8155,7487,7066,8361,6138,5167,3973,2149,810,150,8,7090,115743,4472,4762,4770,5201,5304,5581,6252,6831,8175,8644,7554,7098,6811,8504,7098,6371,5668,3979,2001,579,88,12315,D_ward_reorg
2018,2018-01-01,22132,221325,静岡県,浜松市東区,ward,22130,127389,6059,5950,6227,6215,5700,6418,7883,8192,9840,10033,8009,7159,7179,8946,7432,6632,4818,2862,1410,365,60,9515,63913,3188,3128,3261,3258,2945,3214,4074,4312,5129,5236,4237,3662,3668,4393,3551,3033,2151,1050,363,54,6,3624,63476,2871,2822,2966,2957,2755,3204,3809,3880,4711,4797,3772,3497,3511,4553,3881,3599,2667,1812,1047,311,54,5891,D_ward_reorg
2018,2018-01-01,22133,221333,静岡県,浜松市西区,ward,22130,109382,4305,5172,5732,5797,4886,4589,5626,6529,8313,8556,6952,6395,6641,8271,6802,5709,4390,2905,1387,360,65,9107,54379,2218,2639,2955,3054,2525,2384,2990,3383,4207,4404,3651,3245,3283,4071,3295,2689,1877,1080,360,63,6,3386,55003,2087,2533,2777,2743,2361,2205,2636,3146,4106,4152,3301,3150,3358,4200,3507,3020,2513,1825,1027,297,59,5721,D_ward_reorg
2018,2018-01-01,22134,221341,静岡県,浜松市南区,ward,22130,99167,3918,4211,4644,4830,4548,5406,5706,5974,7279,7455,6338,5863,5818,7412,6278,5476,4152,2449,1060,303,47,8011,49874,2025,2169,2418,2451,2337,3002,3058,3168,3832,3877,3347,3045,2926,3620,3036,2537,1774,937,266,41,8,3026,49293,1893,2042,2226,2379,2211,2404,2648,2806,3447,3578,2991,2818,2892,3792,3242,2939,2378,1512,794,262,39,4985,D_ward_reorg
2018,2018-01-01,22135,221350,静岡県,浜松市北区,ward,22130,92413,3790,4195,4216,4406,4187,4010,4907,5687,6257,6320,5624,5742,6309,7765,5695,4622,3823,2835,1563,401,59,8681,45801,1979,2119,2233,2271,2163,2086,2532,2979,3290,3231,2847,2899,3137,3929,2807,2176,1595,996,449,73,10,3123,46612,1811,2076,1983,2135,2024,1924,2375,2708,2967,3089,2777,2843,3172,3836,2888,2446,2228,1839,1114,328,49,5558,D_ward_reorg
2018,2018-01-01,22136,221368,静岡県,浜松市浜北区,ward,22130,96756,4722,5295,4954,4575,4023,4408,5862,6615,7352,6785,5525,5552,5875,7328,5489,4750,3659,2426,1192,323,46,7646,48214,2504,2769,2517,2326,2005,2307,3001,3404,3820,3523,2815,2778,2851,3628,2698,2252,1633,950,363,61,9,3016,48542,2218,2526,2437,2249,2018,2101,2861,3211,3532,3262,2710,2774,3024,3700,2791,2498,2026,1476,829,262,37,4630,D_ward_reorg
2018,2018-01-01,22137,221376,静岡県,浜松市天竜区,ward,22130,29177,608,758,862,1021,1060,1014,1062,1086,1271,1441,1641,2160,2467,2963,2207,2210,2275,1781,974,279,37,5346,14115,315,391,411,498,538,566,573,583,691,750,812,1157,1329,1530,1079,980,904,634,308,60,6,1912,15062,293,367,451,523,522,448,489,503,580,691,829,1003,1138,1433,1128,1230,1371,1147,666,219,31,3434,D_ward_reorg
2019,2019-01-01,22131,221317,静岡県,浜松市中区,ward,22130,228308,8966,9505,9856,10578,11145,11538,12809,13906,15816,17968,16079,14544,14037,15728,14242,11855,9498,6372,2958,796,112,19736,113444,4649,4864,5020,5483,5904,6143,6825,7239,8033,9226,8391,7434,7242,7793,6655,5329,3934,2245,854,168,13,7214,114864,4317,4641,4836,5095,5241,5395,5984,6667,7783,8742,7688,7110,6795,7935,7587,6526,5564,4127,2104,628,99,12522,D_ward_reorg
2019,2019-01-01,22132,221325,静岡県,浜松市東区,ward,22130,127329,5958,5912,6155,6249,5791,6268,7647,8158,9322,10300,8355,7238,7139,8272,7966,6831,4943,2930,1448,394,53,9768,63861,3144,3086,3252,3251,2978,3214,3884,4298,4828,5361,4453,3694,3642,4113,3767,3092,2235,1104,400,59,6,3804,63468,2814,2826,2903,2998,2813,3054,3763,3860,4494,4939,3902,3544,3497,4159,4199,3739,2708,1826,1048,335,47,5964,D_ward_reorg
2019,2019-01-01,22133,221333,静岡県,浜松市西区,ward,22130,108499,4113,4937,5627,5797,4956,4400,5373,6287,7850,8698,7254,6408,6553,7798,7224,5968,4473,2903,1429,383,68,9256,53946,2129,2549,2891,3041,2588,2274,2864,3283,3974,4432,3796,3279,3244,3792,3537,2797,1947,1068,381,69,11,3476,54553,1984,2388,2736,2756,2368,2126,2509,3004,3876,4266,3458,3129,3309,4006,3687,3171,2526,1835,1048,314,57,5780,D_ward_reorg
2019,2019-01-01,22134,221341,静岡県,浜松市南区,ward,22130,98779,3865,4141,4609,4738,4543,5307,5660,5831,6927,7605,6468,5913,5794,6835,6681,5626,4215,2513,1159,296,53,8236,49696,1999,2134,2402,2414,2352,2917,3070,3089,3652,3970,3390,3081,2979,3313,3186,2617,1810,945,322,46,8,3131,49083,1866,2007,2207,2324,2191,2390,2590,2742,3275,3635,3078,2832,2815,3522,3495,3009,2405,1568,837,250,45,5105,D_ward_reorg
2019,2019-01-01,22135,221350,静岡県,浜松市北区,ward,22130,91949,3657,4172,4233,4309,4086,3866,4759,5597,6154,6364,5639,5719,6183,7366,6234,4878,3810,2780,1620,454,69,8733,45617,1943,2134,2228,2227,2109,2035,2428,2910,3298,3303,2791,2889,3099,3685,3088,2309,1600,972,480,81,8,3141,46332,1714,2038,2005,2082,1977,1831,2331,2687,2856,3061,2848,2830,3084,3681,3146,2569,2210,1808,1140,373,61,5592,D_ward_reorg
2019,2019-01-01,22136,221368,静岡県,浜松市浜北区,ward,22130,97115,4509,5348,5072,4648,4000,4290,5705,6458,7295,7119,5760,5421,5836,7027,5864,4981,3708,2436,1253,332,53,7782,48404,2323,2826,2616,2354,1997,2261,2903,3320,3787,3685,2951,2723,2843,3465,2878,2357,1671,983,388,61,12,3115,48711,2186,2522,2456,2294,2003,2029,2802,3138,3508,3434,2809,2698,2993,3562,2986,2624,2037,1453,865,271,41,4667,D_ward_reorg
2019,2019-01-01,22137,221376,静岡県,浜松市天竜区,ward,22130,28465,581,753,805,978,1014,943,1039,1076,1219,1429,1548,2055,2417,2807,2355,2178,2214,1731,1001,284,38,5268,13787,283,377,389,493,507,530,552,575,658,765,777,1073,1303,1464,1170,984,877,626,325,53,6,1887,14678,298,376,416,485,507,413,487,501,561,664,771,982,1114,1343,1185,1194,1337,1105,676,231,32,3381,D_ward_reorg
2020,2020-01-01,22131,221317,静岡県,浜松市中区,ward,22130,227672,8856,9403,9789,10430,11086,11464,12339,13736,15239,17958,16425,14733,14257,14659,14958,12341,9351,6635,3054,834,125,19999,113117,4618,4861,4939,5404,5903,6121,6542,7078,7793,9149,8563,7572,7364,7248,7099,5529,3906,2368,863,181,16,7334,114555,4238,4542,4850,5026,5183,5343,5797,6658,7446,8809,7862,7161,6893,7411,7859,6812,5445,4267,2191,653,109,12665,D_ward_reorg
2020,2020-01-01,22132,221325,静岡県,浜松市東区,ward,22130,127170,5704,5886,6016,6304,5798,6281,7427,7999,8903,10507,8611,7395,7071,7724,8345,7104,5033,3101,1464,434,63,10095,63723,2968,3087,3141,3289,2923,3228,3792,4220,4654,5473,4528,3804,3615,3869,3951,3254,2258,1182,416,64,7,3927,63447,2736,2799,2875,3015,2875,3053,3635,3779,4249,5034,4083,3591,3456,3855,4394,3850,2775,1919,1048,370,56,6168,D_ward_reorg
2020,2020-01-01,22133,221333,静岡県,浜松市西区,ward,22130,107344,3919,4719,5508,5789,4911,4291,5065,6030,7311,8855,7401,6519,6544,7123,7711,6159,4528,3021,1466,412,62,9489,53385,1998,2429,2836,3072,2563,2245,2691,3141,3735,4456,3868,3374,3239,3497,3772,2868,1991,1100,426,73,11,3601,53959,1921,2290,2672,2717,2348,2046,2374,2889,3576,4399,3533,3145,3305,3626,3939,3291,2537,1921,1040,339,51,5888,D_ward_reorg
2020,2020-01-01,22134,221341,静岡県,浜松市南区,ward,22130,98020,3797,4013,4430,4729,4550,5056,5537,5743,6591,7623,6621,5942,5819,6327,6872,5899,4223,2676,1196,319,57,8471,49340,1993,2047,2313,2457,2298,2792,3010,3066,3457,3961,3501,3112,2985,3086,3281,2743,1840,1004,328,59,7,3238,48680,1804,1966,2117,2272,2252,2264,2527,2677,3134,3662,3120,2830,2834,3241,3591,3156,2383,1672,868,260,50,5233,D_ward_reorg
2020,2020-01-01,22135,221350,静岡県,浜松市北区,ward,22130,91629,3499,4184,4220,4212,4039,3787,4518,5494,6099,6546,5651,5696,6161,6849,6683,5162,3774,2871,1654,460,70,8829,45440,1832,2132,2200,2217,2047,2015,2324,2845,3231,3411,2819,2908,3099,3371,3351,2429,1632,1004,465,99,9,3209,46189,1667,2052,2020,1995,1992,1772,2194,2649,2868,3135,2832,2788,3062,3478,3332,2733,2142,1867,1189,361,61,5620,D_ward_reorg
2020,2020-01-01,22136,221368,静岡県,浜松市浜北区,ward,22130,97295,4319,5375,5128,4749,4019,4146,5481,6456,7109,7379,5887,5406,5818,6527,6327,5172,3763,2482,1340,348,64,7997,48541,2178,2882,2658,2404,2041,2179,2829,3269,3670,3831,3041,2753,2845,3195,3137,2431,1700,1000,425,65,8,3198,48754,2141,2493,2470,2345,1978,1967,2652,3187,3439,3548,2846,2653,2973,3332,3190,2741,2063,1482,915,283,56,4799,D_ward_reorg
2020,2020-01-01,22137,221376,静岡県,浜松市天竜区,ward,22130,27757,590,700,807,932,887,903,973,1055,1226,1350,1506,1911,2365,2656,2480,2210,2066,1814,975,309,42,5206,13451,292,347,394,482,449,478,530,556,670,729,769,981,1278,1366,1281,996,828,660,299,61,5,1853,14306,298,353,413,450,438,425,443,499,556,621,737,930,1087,1290,1199,1214,1238,1154,676,248,37,3353,D_ward_reorg
2021,2021-01-01,22131,221317,静岡県,浜松市中区,ward,22130,227352,8580,9417,9761,10196,11137,11571,11890,13719,14723,17841,16420,15356,14123,14189,15922,11881,9473,6954,3171,905,123,20626,112917,4483,4808,4889,5331,5926,6201,6296,7088,7551,9036,8574,7872,7282,7067,7626,5299,3990,2488,912,185,13,7588,114435,4097,4609,4872,4865,5211,5370,5594,6631,7172,8805,7846,7484,6841,7122,8296,6582,5483,4466,2259,720,110,13038,D_ward_reorg
2021,2021-01-01,22132,221325,静岡県,浜松市東区,ward,22130,127024,5454,5895,6060,6160,5930,6271,7053,8064,8506,10472,8825,7758,7021,7408,8688,6848,5218,3381,1462,477,73,10611,63669,2805,3109,3141,3217,3025,3235,3598,4266,4455,5444,4629,4021,3565,3737,4128,3165,2292,1318,430,82,7,4129,63355,2649,2786,2919,2943,2905,3036,3455,3798,4051,5028,4196,3737,3456,3671,4560,3683,2926,2063,1032,395,66,6482,D_ward_reorg
2021,2021-01-01,22133,221333,静岡県,浜松市西区,ward,22130,106413,3667,4573,5394,5696,4947,4196,4755,5860,7020,8720,7505,6848,6456,6871,8040,6002,4669,3171,1480,462,81,9863,52959,1883,2362,2771,2987,2630,2203,2513,3087,3573,4390,3940,3542,3203,3363,3955,2789,2064,1185,419,89,11,3768,53454,1784,2211,2623,2709,2317,1993,2242,2773,3447,4330,3565,3306,3253,3508,4085,3213,2605,1986,1061,373,70,6095,D_ward_reorg
2021,2021-01-01,22134,221341,静岡県,浜松市南区,ward,22130,97766,3697,3906,4442,4583,4658,5100,5374,5681,6321,7537,6829,6072,5751,6053,7223,5629,4399,2855,1237,349,70,8910,49292,1961,1977,2346,2342,2416,2833,2892,3037,3328,3942,3580,3172,2957,3009,3412,2606,1976,1067,373,60,6,3482,48474,1736,1929,2096,2241,2242,2267,2482,2644,2993,3595,3249,2900,2794,3044,3811,3023,2423,1788,864,289,64,5428,D_ward_reorg
2021,2021-01-01,22135,221350,静岡県,浜松市北区,ward,22130,91267,3304,4105,4325,4180,3986,3712,4263,5437,5921,6606,5673,5812,5955,6684,7161,5058,3900,2928,1647,532,78,9085,45210,1728,2099,2231,2226,2016,1974,2177,2785,3140,3455,2844,2963,2979,3286,3593,2373,1697,1038,475,123,8,3341,46057,1576,2006,2094,1954,1970,1738,2086,2652,2781,3151,2829,2849,2976,3398,3568,2685,2203,1890,1172,409,70,5744,D_ward_reorg
2021,2021-01-01,22136,221368,静岡県,浜松市浜北区,ward,22130,97573,4205,5309,5263,4835,3970,4177,5259,6396,6984,7492,6033,5542,5689,6241,6917,4901,3887,2662,1362,384,65,8360,48719,2131,2809,2771,2434,2070,2171,2759,3216,3599,3914,3090,2849,2802,3050,3400,2294,1778,1060,437,79,6,3360,48854,2074,2500,2492,2401,1900,2006,2500,3180,3385,3578,2943,2693,2887,3191,3517,2607,2109,1602,925,305,59,5000,D_ward_reorg
2021,2021-01-01,22137,221376,静岡県,浜松市天竜区,ward,22130,27021,501,700,801,894,845,813,934,1032,1174,1350,1417,1837,2292,2576,2628,2103,1956,1772,1001,341,54,5124,13097,242,353,401,449,438,430,524,532,653,721,730,924,1225,1355,1363,955,773,650,303,71,5,1802,13924,259,347,400,445,407,383,410,500,521,629,687,913,1067,1221,1265,1148,1183,1122,698,270,49,3322,D_ward_reorg
2022,2022-01-01,22131,221317,静岡県,浜松市中区,ward,22130,226870,8351,9329,9659,10078,11137,11682,11776,13360,14394,17278,17756,14879,14162,13805,16457,11431,9654,7168,3367,992,155,21336,112610,4358,4805,4861,5196,5938,6215,6229,6971,7421,8693,9152,7719,7228,6906,7964,5079,4062,2615,965,215,18,7875,114260,3993,4524,4798,4882,5199,5467,5547,6389,6973,8585,8604,7160,6934,6899,8493,6352,5592,4553,2402,777,137,13461,D_ward_reorg
2022,2022-01-01,22132,221325,静岡県,浜松市東区,ward,22130,126712,5226,5770,6048,6109,5989,6288,6912,7909,8279,10190,9751,7503,6896,7220,8875,6663,5476,3485,1550,496,77,11084,63543,2678,3048,3172,3162,3084,3238,3579,4112,4343,5314,5080,3921,3513,3625,4238,3075,2396,1407,457,92,9,4361,63169,2548,2722,2876,2947,2905,3050,3333,3797,3936,4876,4671,3582,3383,3595,4637,3588,3080,2078,1093,404,68,6723,D_ward_reorg
2022,2022-01-01,22133,221333,静岡県,浜松市西区,ward,22130,105448,3499,4458,5203,5623,4954,4142,4543,5685,6695,8443,8269,6553,6398,6568,8353,5822,4850,3255,1544,506,85,10240,52416,1785,2337,2669,2883,2616,2157,2412,3028,3432,4262,4261,3435,3216,3184,4049,2752,2143,1238,452,95,10,3938,53032,1714,2121,2534,2740,2338,1985,2131,2657,3263,4181,4008,3118,3182,3384,4304,3070,2707,2017,1092,411,75,6302,D_ward_reorg
2022,2022-01-01,22134,221341,静岡県,浜松市南区,ward,22130,97286,3501,3907,4348,4550,4563,5091,5274,5625,6106,7407,7350,5858,5775,5834,7284,5483,4648,2921,1329,358,74,9330,49105,1850,2023,2237,2382,2346,2853,2840,3005,3199,3912,3822,3081,2984,2921,3442,2576,2039,1098,425,59,11,3632,48181,1651,1884,2111,2168,2217,2238,2434,2620,2907,3495,3528,2777,2791,2913,3842,2907,2609,1823,904,299,63,5698,D_ward_reorg
2022,2022-01-01,22135,221350,静岡県,浜松市北区,ward,22130,90677,3073,4161,4223,4156,3898,3654,4095,5243,5868,6555,6226,5400,5795,6524,7553,4968,4001,2968,1653,578,85,9285,44960,1609,2104,2198,2181,2020,1913,2093,2711,3095,3472,3137,2763,2889,3222,3776,2348,1736,1078,480,127,8,3429,45717,1464,2057,2025,1975,1878,1741,2002,2532,2773,3083,3089,2637,2906,3302,3777,2620,2265,1890,1173,451,77,5856,D_ward_reorg
2022,2022-01-01,22136,221368,静岡県,浜松市浜北区,ward,22130,97347,3924,5259,5322,4832,4058,4032,4999,6373,6812,7471,6772,5185,5603,6012,7252,4768,4023,2757,1377,451,65,8673,48603,1981,2808,2769,2465,2097,2093,2623,3225,3521,3880,3499,2670,2761,2917,3562,2245,1841,1087,451,103,5,3487,48744,1943,2451,2553,2367,1961,1939,2376,3148,3291,3591,3273,2515,2842,3095,3690,2523,2182,1670,926,348,60,5186,D_ward_reorg
2022,2022-01-01,22137,221376,静岡県,浜松市天竜区,ward,22130,26435,471,682,797,827,788,765,900,1034,1124,1326,1499,1652,2212,2471,2822,1944,1983,1728,993,360,57,5121,12829,216,356,401,399,404,411,497,550,612,717,771,816,1185,1318,1457,894,806,629,299,84,7,1825,13606,255,326,396,428,384,354,403,484,512,609,728,836,1027,1153,1365,1050,1177,1099,694,276,50,3296,D_ward_reorg
2023,2023-01-01,22131,221317,静岡県,浜松市中区,ward,22130,225735,7960,9116,9620,9908,11288,11577,11543,13103,14160,16581,17725,15523,14288,13527,15903,12044,9829,7226,3642,1024,148,21869,112018,4134,4709,4884,5110,6008,6158,6091,6826,7319,8354,9094,8026,7293,6782,7706,5363,4160,2714,1053,213,21,8161,113717,3826,4407,4736,4798,5280,5419,5452,6277,6841,8227,8631,7497,6995,6745,8197,6681,5669,4512,2589,811,127,13708,D_ward_reorg
2023,2023-01-01,22132,221325,静岡県,浜松市東区,ward,22130,126152,4987,5714,5907,6085,5959,6286,6753,7847,8070,9766,9915,7921,7066,6985,8463,6874,5742,3619,1591,540,62,11554,63276,2547,2986,3105,3160,3059,3270,3485,4075,4231,5082,5184,4159,3594,3518,4065,3181,2491,1485,498,96,5,4575,62876,2440,2728,2802,2925,2900,3016,3268,3772,3839,4684,4731,3762,3472,3467,4398,3693,3251,2134,1093,444,57,6979,D_ward_reorg
2023,2023-01-01,22133,221333,静岡県,浜松市西区,ward,22130,104484,3299,4263,5101,5545,4962,4149,4375,5497,6426,8124,8386,6855,6362,6481,7912,6235,4979,3321,1610,515,87,10512,51911,1665,2207,2611,2864,2629,2163,2313,2902,3317,4121,4328,3584,3218,3167,3825,2918,2217,1265,499,89,9,4079,52573,1634,2056,2490,2681,2333,1986,2062,2595,3109,4003,4058,3271,3144,3314,4087,3317,2762,2056,1111,426,78,6433,D_ward_reorg
2023,2023-01-01,22134,221341,静岡県,浜松市南区,ward,22130,96626,3420,3800,4228,4525,4482,5149,5140,5556,5893,7170,7415,6249,5698,5576,7015,5775,4654,3075,1361,386,59,9535,48847,1781,1988,2175,2363,2352,2862,2779,2980,3119,3769,3865,3294,2959,2794,3319,2702,2041,1189,431,77,8,3746,47779,1639,1812,2053,2162,2130,2287,2361,2576,2774,3401,3550,2955,2739,2782,3696,3073,2613,1886,930,309,51,5789,D_ward_reorg
2023,2023-01-01,22135,221350,静岡県,浜松市北区,ward,22130,90007,2885,4002,4237,4114,3816,3643,3854,5063,5795,6377,6305,5623,5777,6185,7493,5345,4132,2985,1694,607,75,9493,44711,1505,2074,2151,2170,2013,1925,2003,2614,3009,3367,3244,2847,2926,3048,3709,2548,1818,1119,477,137,7,3558,45296,1380,1928,2086,1944,1803,1718,1851,2449,2786,3010,3061,2776,2851,3137,3784,2797,2314,1866,1217,470,68,5935,D_ward_reorg
2023,2023-01-01,22136,221368,静岡県,浜松市浜北区,ward,22130,97119,3782,5035,5389,4882,4149,4007,4791,6220,6723,7416,6842,5517,5542,5781,7057,5095,4145,2780,1446,450,70,8891,48455,1950,2655,2831,2473,2151,2080,2498,3173,3447,3827,3556,2810,2766,2806,3422,2439,1886,1095,482,101,7,3571,48664,1832,2380,2558,2409,1998,1927,2293,3047,3276,3589,3286,2707,2776,2975,3635,2656,2259,1685,964,349,63,5320,D_ward_reorg
2023,2023-01-01,22137,221376,静岡県,浜松市天竜区,ward,22130,25833,450,645,784,815,779,735,835,1028,1081,1272,1447,1623,2136,2374,2796,2004,1892,1700,1024,358,55,5029,12582,221,328,399,390,399,403,463,542,582,698,752,808,1141,1272,1412,956,797,618,306,87,8,1816,13251,229,317,385,425,380,332,372,486,499,574,695,815,995,1102,1384,1048,1095,1082,718,271,47,3213,D_ward_reorg
