old_code,old_name,new_code,new_name,note,last_year_old
01439,雨竜郡幌加内町,01472,雨竜郡幌加内町,A_code_change,2010
01488,天塩郡幌延町,01520,天塩郡幌延町,A_code_change,2010
17344,石川郡野々市町,17212,野々市市,A_code_change,2011
23304,愛知郡長久手町,23238,長久手市,A_code_change,2011
11445,南埼玉郡白岡町,11246,白岡市,A_code_change,2012
12402,山武郡大網白里町,12239,大網白里市,A_code_change,2012
03305,岩手郡滝沢村,03216,滝沢市,A_code_change,2013
04423,黒川郡富谷町,04216,富谷市,A_code_change,2016
40305,筑紫郡那珂川町,40231,那珂川市,A_code_change,2018
03422,東磐井郡藤沢町,03209,一関市,B_merged_into,2011
09321,上都賀郡西方町,09203,栃木市,B_merged_into,2011
11226,鳩ケ谷市,11203,川口市,B_merged_into,2011
23481,幡豆郡一色町,23213,西尾市,B_merged_into,2011
23482,幡豆郡吉良町,23213,西尾市,B_merged_into,2011
23483,幡豆郡幡豆町,23213,西尾市,B_merged_into,2011
32304,八束郡東出雲町,32201,松江市,B_merged_into,2011
32401,簸川郡斐川町,32203,出雲市,B_merged_into,2011
09367,下都賀郡岩舟町,09203,栃木市,B_merged_into,2014
03420,東磐井郡,,,B_gun_dissolved,2011
09320,上都賀郡,,,B_gun_dissolved,2011
17340,石川郡,,,B_gun_dissolved,2011
23480,幡豆郡,,,B_gun_dissolved,2011
32300,八束郡,,,B_gun_dissolved,2011
32400,簸川郡,,,B_gun_dissolved,2011
40300,筑紫郡,,,B_gun_dissolved,2018
14209,相模原市,14150,相模原市,C_designated_city,2010
43201,熊本市,43100,熊本市,C_designated_city,2012
22131,浜松市中区,22130,浜松市,D_ward_reorg,2023
22132,浜松市東区,22130,浜松市,D_ward_reorg,2023
22133,浜松市西区,22130,浜松市,D_ward_reorg,2023
22134,浜松市南区,22130,浜松市,D_ward_reorg,2023
22135,浜松市北区,22130,浜松市,D_ward_reorg,2023
22136,浜松市浜北区,22130,浜松市,D_ward_reorg,2023
22137,浜松市天竜区,22130,浜松市,D_ward_reorg,2023
13381,三宅島　三宅村,13381,三宅村,E_rename,2015
13401,八丈島　八丈町,13401,八丈町,E_rename,2015
28221,篠山市,28221,丹波篠山市,E_rename,2019
09365,,09203,栃木市,pre2010_merger_chika_only,2010
09366,,09203,栃木市,pre2010_merger_chika_only,2010
09368,,09203,栃木市,pre2010_merger_chika_only,2010
11421,,11210,加須市,pre2010_merger_chika_only,2010
11424,,11210,加須市,pre2010_merger_chika_only,2010
11425,,11210,加須市,pre2010_merger_chika_only,2010
11446,,11232,久喜市,pre2010_merger_chika_only,2010
11461,,11232,久喜市,pre2010_merger_chika_only,2010
11462,,11232,久喜市,pre2010_merger_chika_only,2010
12325,,12231,印西市,pre2010_merger_chika_only,2010
12328,,12231,印西市,pre2010_merger_chika_only,2010
15441,,15202,長岡市,pre2010_merger_chika_only,2010
19361,,19368,南巨摩郡富士川町,pre2010_merger_chika_only,2010
19362,,19368,南巨摩郡富士川町,pre2010_merger_chika_only,2010
20449,,20202,松本市,pre2010_merger_chika_only,2010
22361,,22207,富士宮市,pre2010_merger_chika_only,2010
22503,,22221,湖西市,pre2010_merger_chika_only,2010
23421,,23237,あま市,pre2010_merger_chika_only,2010
23422,,23237,あま市,pre2010_merger_chika_only,2010
23423,,23237,あま市,pre2010_merger_chika_only,2010
23521,,23236,みよし市,pre2010_merger_chika_only,2010
23603,,23207,豊川市,pre2010_merger_chika_only,2010
25381,,25204,近江八幡市,pre2010_merger_chika_only,2010
40541,,40210,八女市,pre2010_merger_chika_only,2010
40543,,40210,八女市,pre2010_merger_chika_only,2010
42388,,42202,佐世保市,pre2010_merger_chika_only,2010
42389,,42202,佐世保市,pre2010_merger_chika_only,2010
43341,,43201,熊本市,pre2010_merger_chika_only,2010
43385,,43201,熊本市,pre2010_merger_chika_only,2010
45301,,45201,宮崎市,pre2010_merger_chika_only,2010
46441,,46225,姶良市,pre2010_merger_chika_only,2010
46442,,46225,姶良市,pre2010_merger_chika_only,2010
46443,,46225,姶良市,pre2010_merger_chika_only,2010
