no,pref,kaso_name,kaso_kind,partial_area,muni_code,muni,row_type
1,北海道,函館市,一部過疎,戸井町、恵山町、椴法華村、南茅部町,01202,函館市,city
2,北海道,小樽市,全部過疎,,01203,小樽市,city
3,北海道,釧路市,みなし過疎,,01206,釧路市,city
4,北海道,北見市,一部過疎,常呂町、端野町、留辺蘂町,01208,北見市,city
5,北海道,夕張市,全部過疎,,01209,夕張市,city
6,北海道,岩見沢市,一部過疎,北村、栗沢町,01210,岩見沢市,city
7,北海道,留萌市,全部過疎,,01212,留萌市,city
8,北海道,稚内市,全部過疎,,01214,稚内市,city
9,北海道,美唄市,全部過疎,,01215,美唄市,city
10,北海道,芦別市,全部過疎,,01216,芦別市,city
11,北海道,赤平市,全部過疎,,01218,赤平市,city
12,北海道,紋別市,全部過疎,,01219,紋別市,city
13,北海道,士別市,全部過疎,,01220,士別市,city
14,北海道,名寄市,全部過疎,,01221,名寄市,city
15,北海道,三笠市,全部過疎,,01222,三笠市,city
16,北海道,根室市,全部過疎,,01223,根室市,city
17,北海道,砂川市,全部過疎,,01226,砂川市,city
18,北海道,歌志内市,全部過疎,,01227,歌志内市,city
19,北海道,深川市,全部過疎,,01228,深川市,city
20,北海道,富良野市,全部過疎,,01229,富良野市,city
21,北海道,伊達市,一部過疎,大滝村,01233,伊達市,city
22,北海道,石狩市,一部過疎,厚田村、浜益村,01235,石狩市,city
23,北海道,新篠津村,全部過疎,,01304,石狩郡新篠津村,village
24,北海道,松前町,全部過疎,,01331,松前郡松前町,town
25,北海道,福島町,全部過疎,,01332,松前郡福島町,town
26,北海道,知内町,全部過疎,,01333,上磯郡知内町,town
27,北海道,木古内町,全部過疎,,01334,上磯郡木古内町,town
28,北海道,鹿部町,全部過疎,,01343,茅部郡鹿部町,town
29,北海道,森町,全部過疎,,01345,茅部郡森町,town
30,北海道,八雲町,全部過疎,,01346,二海郡八雲町,town
31,北海道,長万部町,全部過疎,,01347,山越郡長万部町,town
32,北海道,江差町,全部過疎,,01361,檜山郡江差町,town
33,北海道,上ノ国町,全部過疎,,01362,檜山郡上ノ国町,town
34,北海道,厚沢部町,全部過疎,,01363,檜山郡厚沢部町,town
35,北海道,乙部町,全部過疎,,01364,爾志郡乙部町,town
36,北海道,奥尻町,全部過疎,,01367,奥尻郡奥尻町,town
37,北海道,今金町,全部過疎,,01370,瀬棚郡今金町,town
38,北海道,せたな町,全部過疎,,01371,久遠郡せたな町,town
39,北海道,島牧村,全部過疎,,01391,島牧郡島牧村,village
40,北海道,寿都町,全部過疎,,01392,寿都郡寿都町,town
41,北海道,黒松内町,全部過疎,,01393,寿都郡黒松内町,town
42,北海道,蘭越町,全部過疎,,01394,磯谷郡蘭越町,town
43,北海道,ニセコ町,全部過疎,,01395,虻田郡ニセコ町,town
44,北海道,真狩村,全部過疎,,01396,虻田郡真狩村,village
45,北海道,留寿都村,全部過疎,,01397,虻田郡留寿都村,village
46,北海道,喜茂別町,全部過疎,,01398,虻田郡喜茂別町,town
47,北海道,共和町,全部過疎,,01401,岩内郡共和町,town
48,北海道,岩内町,全部過疎,,01402,岩内郡岩内町,town
49,北海道,神恵内村,全部過疎,,01404,古宇郡神恵内村,village
50,北海道,積丹町,全部過疎,,01405,積丹郡積丹町,town
51,北海道,古平町,全部過疎,,01406,古平郡古平町,town
52,北海道,仁木町,全部過疎,,01407,余市郡仁木町,town
53,北海道,余市町,全部過疎,,01408,余市郡余市町,town
54,北海道,赤井川村,全部過疎,,01409,余市郡赤井川村,village
55,北海道,奈井江町,全部過疎,,01424,空知郡奈井江町,town
56,北海道,上砂川町,全部過疎,,01425,空知郡上砂川町,town
57,北海道,由仁町,全部過疎,,01427,夕張郡由仁町,town
58,北海道,長沼町,全部過疎,,01428,夕張郡長沼町,town
59,北海道,栗山町,全部過疎,,01429,夕張郡栗山町,town
60,北海道,月形町,全部過疎,,01430,樺戸郡月形町,town
61,北海道,浦臼町,全部過疎,,01431,樺戸郡浦臼町,town
62,北海道,新十津川町,全部過疎,,01432,樺戸郡新十津川町,town
63,北海道,妹背牛町,全部過疎,,01433,雨竜郡妹背牛町,town
64,北海道,秩父別町,全部過疎,,01434,雨竜郡秩父別町,town
65,北海道,雨竜町,全部過疎,,01436,雨竜郡雨竜町,town
66,北海道,北竜町,全部過疎,,01437,雨竜郡北竜町,town
67,北海道,沼田町,全部過疎,,01438,雨竜郡沼田町,town
68,北海道,鷹栖町,全部過疎,,01452,上川郡鷹栖町,town
69,北海道,当麻町,全部過疎,,01454,上川郡当麻町,town
70,北海道,比布町,全部過疎,,01455,上川郡比布町,town
71,北海道,愛別町,全部過疎,,01456,上川郡愛別町,town
72,北海道,上川町,全部過疎,,01457,上川郡上川町,town
73,北海道,美瑛町,全部過疎,,01459,上川郡美瑛町,town
74,北海道,上富良野町,全部過疎,,01460,空知郡上富良野町,town
75,北海道,中富良野町,全部過疎,,01461,空知郡中富良野町,town
76,北海道,南富良野町,全部過疎,,01462,空知郡南富良野町,town
77,北海道,占冠村,全部過疎,,01463,勇払郡占冠村,village
78,北海道,和寒町,全部過疎,,01464,上川郡和寒町,town
79,北海道,剣淵町,全部過疎,,01465,上川郡剣淵町,town
80,北海道,下川町,全部過疎,,01468,上川郡下川町,town
81,北海道,美深町,全部過疎,,01469,中川郡美深町,town
82,北海道,音威子府村,全部過疎,,01470,中川郡音威子府村,village
83,北海道,中川町,全部過疎,,01471,中川郡中川町,town
84,北海道,幌加内町,全部過疎,,01472,雨竜郡幌加内町,town
85,北海道,増毛町,全部過疎,,01481,増毛郡増毛町,town
86,北海道,小平町,全部過疎,,01482,留萌郡小平町,town
87,北海道,苫前町,全部過疎,,01483,苫前郡苫前町,town
88,北海道,羽幌町,全部過疎,,01484,苫前郡羽幌町,town
89,北海道,初山別村,全部過疎,,01485,苫前郡初山別村,village
90,北海道,遠別町,全部過疎,,01486,天塩郡遠別町,town
91,北海道,天塩町,全部過疎,,01487,天塩郡天塩町,town
92,北海道,猿払村,全部過疎,,01511,宗谷郡猿払村,village
93,北海道,浜頓別町,全部過疎,,01512,枝幸郡浜頓別町,town
94,北海道,中頓別町,全部過疎,,01513,枝幸郡中頓別町,town
95,北海道,枝幸町,全部過疎,,01514,枝幸郡枝幸町,town
96,北海道,豊富町,全部過疎,,01516,天塩郡豊富町,town
97,北海道,礼文町,全部過疎,,01517,礼文郡礼文町,town
98,北海道,利尻町,全部過疎,,01518,利尻郡利尻町,town
99,北海道,利尻富士町,全部過疎,,01519,利尻郡利尻富士町,town
100,北海道,幌延町,全部過疎,,01520,天塩郡幌延町,town
101,北海道,美幌町,全部過疎,,01543,網走郡美幌町,town
102,北海道,津別町,全部過疎,,01544,網走郡津別町,town
103,北海道,斜里町,全部過疎,,01545,斜里郡斜里町,town
104,北海道,清里町,全部過疎,,01546,斜里郡清里町,town
105,北海道,小清水町,全部過疎,,01547,斜里郡小清水町,town
106,北海道,訓子府町,全部過疎,,01549,常呂郡訓子府町,town
107,北海道,置戸町,全部過疎,,01550,常呂郡置戸町,town
108,北海道,佐呂間町,全部過疎,,01552,常呂郡佐呂間町,town
109,北海道,遠軽町,全部過疎,,01555,紋別郡遠軽町,town
110,北海道,湧別町,全部過疎,,01559,紋別郡湧別町,town
111,北海道,滝上町,全部過疎,,01560,紋別郡滝上町,town
112,北海道,興部町,全部過疎,,01561,紋別郡興部町,town
113,北海道,西興部村,全部過疎,,01562,紋別郡西興部村,village
114,北海道,雄武町,全部過疎,,01563,紋別郡雄武町,town
115,北海道,大空町,全部過疎,,01564,網走郡大空町,town
116,北海道,豊浦町,全部過疎,,01571,虻田郡豊浦町,town
117,北海道,壮瞥町,全部過疎,,01575,有珠郡壮瞥町,town
118,北海道,白老町,全部過疎,,01578,白老郡白老町,town
119,北海道,厚真町,全部過疎,,01581,勇払郡厚真町,town
120,北海道,洞爺湖町,全部過疎,,01584,虻田郡洞爺湖町,town
121,北海道,安平町,全部過疎,,01585,勇払郡安平町,town
122,北海道,むかわ町,全部過疎,,01586,勇払郡むかわ町,town
123,北海道,日高町,全部過疎,,01601,沙流郡日高町,town
124,北海道,平取町,全部過疎,,01602,沙流郡平取町,town
125,北海道,新冠町,全部過疎,,01604,新冠郡新冠町,town
126,北海道,浦河町,全部過疎,,01607,浦河郡浦河町,town
127,北海道,様似町,全部過疎,,01608,様似郡様似町,town
128,北海道,えりも町,全部過疎,,01609,幌泉郡えりも町,town
129,北海道,新ひだか町,全部過疎,,01610,日高郡新ひだか町,town
130,北海道,上士幌町,全部過疎,,01633,河東郡上士幌町,town
131,北海道,鹿追町,全部過疎,,01634,河東郡鹿追町,town
132,北海道,新得町,全部過疎,,01635,上川郡新得町,town
133,北海道,清水町,全部過疎,,01636,上川郡清水町,town
134,北海道,更別村,全部過疎,,01639,河西郡更別村,village
135,北海道,大樹町,全部過疎,,01641,広尾郡大樹町,town
136,北海道,広尾町,全部過疎,,01642,広尾郡広尾町,town
137,北海道,幕別町,一部過疎,忠類村,01643,中川郡幕別町,town
138,北海道,池田町,全部過疎,,01644,中川郡池田町,town
139,北海道,豊頃町,全部過疎,,01645,中川郡豊頃町,town
140,北海道,本別町,全部過疎,,01646,中川郡本別町,town
141,北海道,足寄町,全部過疎,,01647,足寄郡足寄町,town
142,北海道,陸別町,全部過疎,,01648,足寄郡陸別町,town
143,北海道,浦幌町,全部過疎,,01649,十勝郡浦幌町,town
144,北海道,厚岸町,全部過疎,,01662,厚岸郡厚岸町,town
145,北海道,浜中町,全部過疎,,01663,厚岸郡浜中町,town
146,北海道,標茶町,全部過疎,,01664,川上郡標茶町,town
147,北海道,弟子屈町,全部過疎,,01665,川上郡弟子屈町,town
148,北海道,鶴居村,全部過疎,,01667,阿寒郡鶴居村,village
149,北海道,白糠町,全部過疎,,01668,白糠郡白糠町,town
150,北海道,別海町,全部過疎,,01691,野付郡別海町,town
151,北海道,標津町,全部過疎,,01693,標津郡標津町,town
152,北海道,羅臼町,全部過疎,,01694,目梨郡羅臼町,town
153,青森県,弘前市,一部過疎,相馬村,02202,弘前市,city
154,青森県,五所川原市,全部過疎,,02205,五所川原市,city
155,青森県,十和田市,一部過疎,十和田湖町,02206,十和田市,city
156,青森県,むつ市,一部過疎,川内町、大畑町、脇野沢村,02208,むつ市,city
157,青森県,つがる市,全部過疎,,02209,つがる市,city
158,青森県,平川市,一部過疎,碇ケ関村,02210,平川市,city
159,青森県,平内町,全部過疎,,02301,東津軽郡平内町,town
160,青森県,今別町,全部過疎,,02303,東津軽郡今別町,town
161,青森県,蓬田村,全部過疎,,02304,東津軽郡蓬田村,village
162,青森県,外ヶ浜町,全部過疎,,02307,東津軽郡外ヶ浜町,town
163,青森県,鰺ケ沢町,全部過疎,,02321,西津軽郡鰺ヶ沢町,town
164,青森県,深浦町,全部過疎,,02323,西津軽郡深浦町,town
165,青森県,西目屋村,全部過疎,,02343,中津軽郡西目屋村,village
166,青森県,大鰐町,全部過疎,,02362,南津軽郡大鰐町,town
167,青森県,田舎館村,全部過疎,,02367,南津軽郡田舎館村,village
168,青森県,板柳町,全部過疎,,02381,北津軽郡板柳町,town
169,青森県,鶴田町,全部過疎,,02384,北津軽郡鶴田町,town
170,青森県,中泊町,全部過疎,,02387,北津軽郡中泊町,town
171,青森県,野辺地町,全部過疎,,02401,上北郡野辺地町,town
172,青森県,七戸町,全部過疎,,02402,上北郡七戸町,town
173,青森県,横浜町,全部過疎,,02406,上北郡横浜町,town
174,青森県,東北町,全部過疎,,02408,上北郡東北町,town
175,青森県,大間町,全部過疎,,02423,下北郡大間町,town
176,青森県,風間浦村,全部過疎,,02425,下北郡風間浦村,village
177,青森県,佐井村,全部過疎,,02426,下北郡佐井村,village
178,青森県,三戸町,全部過疎,,02441,三戸郡三戸町,town
179,青森県,五戸町,全部過疎,,02442,三戸郡五戸町,town
180,青森県,田子町,全部過疎,,02443,三戸郡田子町,town
181,青森県,南部町,全部過疎,,02445,三戸郡南部町,town
182,青森県,新郷村,全部過疎,,02450,三戸郡新郷村,village
183,岩手県,宮古市,全部過疎,,03202,宮古市,city
184,岩手県,大船渡市,全部過疎,,03203,大船渡市,city
185,岩手県,花巻市,一部過疎,大迫町、東和町,03205,花巻市,city
186,岩手県,久慈市,一部過疎,山形村,03207,久慈市,city
187,岩手県,遠野市,全部過疎,,03208,遠野市,city
188,岩手県,一関市,みなし過疎,,03209,一関市,city
189,岩手県,陸前高田市,全部過疎,,03210,陸前高田市,city
190,岩手県,釜石市,全部過疎,,03211,釜石市,city
191,岩手県,二戸市,全部過疎,,03213,二戸市,city
192,岩手県,八幡平市,全部過疎,,03214,八幡平市,city
193,岩手県,奥州市,一部過疎,衣川村、江刺市,03215,奥州市,city
194,岩手県,葛巻町,全部過疎,,03302,岩手郡葛巻町,town
195,岩手県,岩手町,全部過疎,,03303,岩手郡岩手町,town
196,岩手県,西和賀町,全部過疎,,03366,和賀郡西和賀町,town
197,岩手県,住田町,全部過疎,,03441,気仙郡住田町,town
198,岩手県,大槌町,全部過疎,,03461,上閉伊郡大槌町,town
199,岩手県,山田町,全部過疎,,03482,下閉伊郡山田町,town
200,岩手県,岩泉町,全部過疎,,03483,下閉伊郡岩泉町,town
201,岩手県,田野畑村,全部過疎,,03484,下閉伊郡田野畑村,village
202,岩手県,普代村,全部過疎,,03485,下閉伊郡普代村,village
203,岩手県,軽米町,全部過疎,,03501,九戸郡軽米町,town
204,岩手県,野田村,全部過疎,,03503,九戸郡野田村,village
205,岩手県,九戸村,全部過疎,,03506,九戸郡九戸村,village
206,岩手県,洋野町,全部過疎,,03507,九戸郡洋野町,town
207,岩手県,一戸町,全部過疎,,03524,二戸郡一戸町,town
208,宮城県,石巻市,一部過疎,河北町、雄勝町、北上町、牡鹿町、桃生町,04202,石巻市,city
209,宮城県,気仙沼市,全部過疎,,04205,気仙沼市,city
210,宮城県,登米市,一部過疎,登米町、東和町、米山町、石越町、津山町,04212,登米市,city
211,宮城県,栗原市,全部過疎,,04213,栗原市,city
212,宮城県,東松島市,一部過疎,鳴瀬町,04214,東松島市,city
213,宮城県,大崎市,一部過疎,岩出山町、鳴子町、田尻町,04215,大崎市,city
214,宮城県,七ケ宿町,全部過疎,,04302,刈田郡七ヶ宿町,town
215,宮城県,川崎町,全部過疎,,04324,柴田郡川崎町,town
216,宮城県,丸森町,全部過疎,,04341,伊具郡丸森町,town
217,宮城県,山元町,全部過疎,,04362,亘理郡山元町,town
218,宮城県,松島町,全部過疎,,04401,宮城郡松島町,town
219,宮城県,大郷町,全部過疎,,04422,黒川郡大郷町,town
220,宮城県,加美町,全部過疎,,04445,加美郡加美町,town
221,宮城県,涌谷町,全部過疎,,04501,遠田郡涌谷町,town
222,宮城県,美里町,一部過疎,南郷町,04505,遠田郡美里町,town
223,宮城県,南三陸町,全部過疎,,04606,本吉郡南三陸町,town
224,秋田県,能代市,全部過疎,,05202,能代市,city
225,秋田県,横手市,全部過疎,,05203,横手市,city
226,秋田県,大館市,全部過疎,,05204,大館市,city
227,秋田県,男鹿市,全部過疎,,05206,男鹿市,city
228,秋田県,湯沢市,全部過疎,,05207,湯沢市,city
229,秋田県,鹿角市,全部過疎,,05209,鹿角市,city
230,秋田県,由利本荘市,みなし過疎,,05210,由利本荘市,city
231,秋田県,潟上市,一部過疎,昭和町、飯田川町,05211,潟上市,city
232,秋田県,大仙市,全部過疎,,05212,大仙市,city
233,秋田県,北秋田市,全部過疎,,05213,北秋田市,city
234,秋田県,にかほ市,全部過疎,,05214,にかほ市,city
235,秋田県,仙北市,全部過疎,,05215,仙北市,city
236,秋田県,小坂町,全部過疎,,05303,鹿角郡小坂町,town
237,秋田県,上小阿仁村,全部過疎,,05327,北秋田郡上小阿仁村,village
238,秋田県,藤里町,全部過疎,,05346,山本郡藤里町,town
239,秋田県,三種町,全部過疎,,05348,山本郡三種町,town
240,秋田県,八峰町,全部過疎,,05349,山本郡八峰町,town
241,秋田県,五城目町,全部過疎,,05361,南秋田郡五城目町,town
242,秋田県,八郎潟町,全部過疎,,05363,南秋田郡八郎潟町,town
243,秋田県,井川町,全部過疎,,05366,南秋田郡井川町,town
244,秋田県,美郷町,全部過疎,,05434,仙北郡美郷町,town
245,秋田県,羽後町,全部過疎,,05463,雄勝郡羽後町,town
246,秋田県,東成瀬村,全部過疎,,05464,雄勝郡東成瀬村,village
247,山形県,鶴岡市,みなし過疎,,06203,鶴岡市,city
248,山形県,酒田市,一部過疎,八幡町、松山町、平田町,06204,酒田市,city
249,山形県,上山市,全部過疎,,06207,上山市,city
250,山形県,村山市,全部過疎,,06208,村山市,city
251,山形県,尾花沢市,全部過疎,,06212,尾花沢市,city
252,山形県,西川町,全部過疎,,06322,西村山郡西川町,town
253,山形県,朝日町,全部過疎,,06323,西村山郡朝日町,town
254,山形県,大江町,全部過疎,,06324,西村山郡大江町,town
255,山形県,大石田町,全部過疎,,06341,北村山郡大石田町,town
256,山形県,金山町,全部過疎,,06361,最上郡金山町,town
257,山形県,最上町,全部過疎,,06362,最上郡最上町,town
258,山形県,舟形町,全部過疎,,06363,最上郡舟形町,town
259,山形県,真室川町,全部過疎,,06364,最上郡真室川町,town
260,山形県,大蔵村,全部過疎,,06365,最上郡大蔵村,village
261,山形県,鮭川村,全部過疎,,06366,最上郡鮭川村,village
262,山形県,戸沢村,全部過疎,,06367,最上郡戸沢村,village
263,山形県,川西町,全部過疎,,06382,東置賜郡川西町,town
264,山形県,小国町,全部過疎,,06401,西置賜郡小国町,town
265,山形県,白鷹町,全部過疎,,06402,西置賜郡白鷹町,town
266,山形県,飯豊町,全部過疎,,06403,西置賜郡飯豊町,town
267,山形県,庄内町,全部過疎,,06428,東田川郡庄内町,town
268,山形県,遊佐町,全部過疎,,06461,飽海郡遊佐町,town
269,福島県,白河市,一部過疎,表郷村、大信村,07205,白河市,city
270,福島県,須賀川市,一部過疎,長沼町、岩瀬村,07207,須賀川市,city
271,福島県,喜多方市,全部過疎,,07208,喜多方市,city
272,福島県,二本松市,一部過疎,岩代町、東和町,07210,二本松市,city
273,福島県,田村市,全部過疎,,07211,田村市,city
274,福島県,伊達市,一部過疎,梁川町、霊山町、月舘町,07213,伊達市,city
275,福島県,国見町,全部過疎,,07303,伊達郡国見町,town
276,福島県,川俣町,全部過疎,,07308,伊達郡川俣町,town
277,福島県,天栄村,全部過疎,,07344,岩瀬郡天栄村,village
278,福島県,下郷町,全部過疎,,07362,南会津郡下郷町,town
279,福島県,檜枝岐村,全部過疎,,07364,南会津郡檜枝岐村,village
280,福島県,只見町,全部過疎,,07367,南会津郡只見町,town
281,福島県,南会津町,全部過疎,,07368,南会津郡南会津町,town
282,福島県,北塩原村,全部過疎,,07402,耶麻郡北塩原村,village
283,福島県,西会津町,全部過疎,,07405,耶麻郡西会津町,town
284,福島県,磐梯町,全部過疎,,07407,耶麻郡磐梯町,town
285,福島県,猪苗代町,全部過疎,,07408,耶麻郡猪苗代町,town
286,福島県,会津坂下町,全部過疎,,07421,河沼郡会津坂下町,town
287,福島県,柳津町,全部過疎,,07423,河沼郡柳津町,town
288,福島県,三島町,全部過疎,,07444,大沼郡三島町,town
289,福島県,金山町,全部過疎,,07445,大沼郡金山町,town
290,福島県,昭和村,全部過疎,,07446,大沼郡昭和村,village
291,福島県,会津美里町,全部過疎,,07447,大沼郡会津美里町,town
292,福島県,矢祭町,全部過疎,,07482,東白川郡矢祭町,town
293,福島県,塙町,全部過疎,,07483,東白川郡塙町,town
294,福島県,鮫川村,全部過疎,,07484,東白川郡鮫川村,village
295,福島県,石川町,全部過疎,,07501,石川郡石川町,town
296,福島県,平田村,全部過疎,,07503,石川郡平田村,village
297,福島県,古殿町,全部過疎,,07505,石川郡古殿町,town
298,福島県,小野町,全部過疎,,07522,田村郡小野町,town
299,福島県,川内村,全部過疎,,07544,双葉郡川内村,village
300,福島県,浪江町,全部過疎,,07547,双葉郡浪江町,town
301,福島県,葛尾村,全部過疎,,07548,双葉郡葛尾村,village
302,福島県,飯舘村,全部過疎,,07564,相馬郡飯舘村,village
303,茨城県,常陸太田市,一部過疎,水府村、里美村,08212,常陸太田市,city
304,茨城県,潮来市,一部過疎,牛堀町,08223,潮来市,city
305,茨城県,常陸大宮市,一部過疎,御前山村、山方町、美和村、緒川村,08225,常陸大宮市,city
306,茨城県,稲敷市,全部過疎,,08229,稲敷市,city
307,茨城県,かすみがうら市,一部過疎,霞ヶ浦町,08230,かすみがうら市,city
308,茨城県,桜川市,全部過疎,,08231,桜川市,city
309,茨城県,行方市,全部過疎,,08233,行方市,city
310,茨城県,城里町,一部過疎,七会村、桂村,08310,東茨城郡城里町,town
311,茨城県,大子町,全部過疎,,08364,久慈郡大子町,town
312,茨城県,河内町,全部過疎,,08447,稲敷郡河内町,town
313,茨城県,利根町,全部過疎,,08564,北相馬郡利根町,town
314,栃木県,日光市,一部過疎,日光市、足尾町、栗山村、藤原町,09206,日光市,city
315,栃木県,大田原市,一部過疎,湯津上村、黒羽町,09210,大田原市,city
316,栃木県,那須烏山市,全部過疎,,09215,那須烏山市,city
317,栃木県,茂木町,全部過疎,,09343,芳賀郡茂木町,town
318,栃木県,塩谷町,全部過疎,,09384,塩谷郡塩谷町,town
319,栃木県,那珂川町,全部過疎,,09411,那須郡那珂川町,town
320,群馬県,桐生市,一部過疎,桐生市、黒保根村,10203,桐生市,city
321,群馬県,沼田市,一部過疎,利根村,10206,沼田市,city
322,群馬県,渋川市,一部過疎,赤城村、小野上村、伊香保町,10208,渋川市,city
323,群馬県,みどり市,一部過疎,東村、大間々町,10212,みどり市,city
324,群馬県,神流町,全部過疎,,10367,多野郡神流町,town
325,群馬県,下仁田町,全部過疎,,10382,甘楽郡下仁田町,town
326,群馬県,南牧村,全部過疎,,10383,甘楽郡南牧村,village
327,群馬県,中之条町,全部過疎,,10421,吾妻郡中之条町,town
328,群馬県,長野原町,全部過疎,,10424,吾妻郡長野原町,town
329,群馬県,高山村,全部過疎,,10428,吾妻郡高山村,village
330,群馬県,東吾妻町,全部過疎,,10429,吾妻郡東吾妻町,town
331,群馬県,片品村,全部過疎,,10443,利根郡片品村,village
332,群馬県,みなかみ町,全部過疎,,10449,利根郡みなかみ町,town
333,埼玉県,秩父市,一部過疎,吉田町、大滝村、荒川村,11207,秩父市,city
334,埼玉県,ときがわ町,全部過疎,,11349,比企郡ときがわ町,town
335,埼玉県,皆野町,全部過疎,,11362,秩父郡皆野町,town
336,埼玉県,長瀞町,全部過疎,,11363,秩父郡長瀞町,town
337,埼玉県,小鹿野町,全部過疎,,11365,秩父郡小鹿野町,town
338,埼玉県,東秩父村,全部過疎,,11369,秩父郡東秩父村,village
339,埼玉県,神川町,一部過疎,神泉村,11383,児玉郡神川町,town
340,千葉県,旭市,一部過疎,干潟町,12215,旭市,city
341,千葉県,勝浦市,全部過疎,,12218,勝浦市,city
342,千葉県,鴨川市,一部過疎,天津小湊町,12223,鴨川市,city
343,千葉県,南房総市,全部過疎,,12234,南房総市,city
344,千葉県,匝瑳市,一部過疎,野栄町,12235,匝瑳市,city
345,千葉県,香取市,一部過疎,佐原市、山田町、栗源町,12236,香取市,city
346,千葉県,山武市,一部過疎,松尾町,12237,山武市,city
347,千葉県,いすみ市,一部過疎,夷隅町,12238,いすみ市,city
348,千葉県,東庄町,全部過疎,,12349,香取郡東庄町,town
349,千葉県,九十九里町,全部過疎,,12403,山武郡九十九里町,town
350,千葉県,長南町,全部過疎,,12427,長生郡長南町,town
351,千葉県,大多喜町,全部過疎,,12441,夷隅郡大多喜町,town
352,千葉県,鋸南町,全部過疎,,12463,安房郡鋸南町,town
353,東京都,檜原村,全部過疎,,13307,西多摩郡檜原村,village
354,東京都,奥多摩町,全部過疎,,13308,西多摩郡奥多摩町,town
355,東京都,大島町,全部過疎,,13361,大島町,town
356,東京都,新島村,全部過疎,,13363,新島村,village
357,東京都,三宅村,全部過疎,,13381,三宅村,village
358,東京都,八丈町,全部過疎,,13401,八丈町,town
359,東京都,青ケ島村,全部過疎,,13402,青ヶ島村,village
360,神奈川県,真鶴町,全部過疎,,14383,足柄下郡真鶴町,town
361,新潟県,長岡市,一部過疎,栃尾市、和島村、寺泊町、山古志村、川口町、小国町,15202,長岡市,city
362,新潟県,三条市,一部過疎,下田村,15204,三条市,city
363,新潟県,新発田市,一部過疎,加治川村,15206,新発田市,city
364,新潟県,加茂市,全部過疎,,15209,加茂市,city
365,新潟県,十日町市,全部過疎,,15210,十日町市,city
366,新潟県,村上市,全部過疎,,15212,村上市,city
367,新潟県,糸魚川市,全部過疎,,15216,糸魚川市,city
368,新潟県,妙高市,全部過疎,,15217,妙高市,city
369,新潟県,五泉市,一部過疎,村松町,15218,五泉市,city
370,新潟県,上越市,一部過疎,安塚町、浦川原村、大島村、牧村、柿崎町、吉川町、中郷村、板倉町、清里村、三和村、名立町,15222,上越市,city
371,新潟県,阿賀野市,一部過疎,笹神村,15223,阿賀野市,city
372,新潟県,佐渡市,全部過疎,,15224,佐渡市,city
373,新潟県,魚沼市,全部過疎,,15225,魚沼市,city
374,新潟県,胎内市,一部過疎,黒川村,15227,胎内市,city
375,新潟県,阿賀町,全部過疎,,15385,東蒲原郡阿賀町,town
376,新潟県,出雲崎町,全部過疎,,15405,三島郡出雲崎町,town
377,新潟県,津南町,全部過疎,,15482,中魚沼郡津南町,town
378,新潟県,関川村,全部過疎,,15581,岩船郡関川村,village
379,新潟県,粟島浦村,全部過疎,,15586,岩船郡粟島浦村,village
380,富山県,氷見市,全部過疎,,16205,氷見市,city
381,富山県,砺波市,一部過疎,庄川町,16208,砺波市,city
382,富山県,南砺市,全部過疎,,16210,南砺市,city
383,富山県,朝日町,全部過疎,,16343,下新川郡朝日町,town
384,石川県,七尾市,全部過疎,,17202,七尾市,city
385,石川県,輪島市,全部過疎,,17204,輪島市,city
386,石川県,珠洲市,全部過疎,,17205,珠洲市,city
387,石川県,加賀市,一部過疎,山中町,17206,加賀市,city
388,石川県,羽咋市,全部過疎,,17207,羽咋市,city
389,石川県,志賀町,一部過疎,志賀町、富来町,17384,羽咋郡志賀町,town
390,石川県,宝達志水町,全部過疎,,17386,羽咋郡宝達志水町,town
391,石川県,中能登町,全部過疎,,17407,鹿島郡中能登町,town
392,石川県,穴水町,全部過疎,,17461,鳳珠郡穴水町,town
393,石川県,能登町,全部過疎,,17463,鳳珠郡能登町,town
394,福井県,大野市,全部過疎,,18205,大野市,city
395,福井県,勝山市,全部過疎,,18206,勝山市,city
396,福井県,あわら市,一部過疎,芦原町,18208,あわら市,city
397,福井県,永平寺町,一部過疎,上志比村,18322,吉田郡永平寺町,town
398,福井県,池田町,全部過疎,,18382,今立郡池田町,town
399,福井県,南越前町,全部過疎,,18404,南条郡南越前町,town
400,福井県,越前町,一部過疎,越前町,18423,丹生郡越前町,town
401,福井県,若狭町,一部過疎,三方町,18501,三方上中郡若狭町,town
402,山梨県,山梨市,一部過疎,牧丘町、三富村,19205,山梨市,city
403,山梨県,南アルプス市,一部過疎,芦安村,19208,南アルプス市,city
404,山梨県,北杜市,一部過疎,須玉町、白州町、武川村,19209,北杜市,city
405,山梨県,笛吹市,一部過疎,芦川村,19211,笛吹市,city
406,山梨県,上野原市,全部過疎,,19212,上野原市,city
407,山梨県,甲州市,全部過疎,,19213,甲州市,city
408,山梨県,市川三郷町,全部過疎,,19346,西八代郡市川三郷町,town
409,山梨県,早川町,全部過疎,,19364,南巨摩郡早川町,town
410,山梨県,身延町,全部過疎,,19365,南巨摩郡身延町,town
411,山梨県,南部町,全部過疎,,19366,南巨摩郡南部町,town
412,山梨県,富士川町,一部過疎,鰍沢町,19368,南巨摩郡富士川町,town
413,山梨県,道志村,全部過疎,,19422,南都留郡道志村,village
414,山梨県,小菅村,全部過疎,,19442,北都留郡小菅村,village
415,山梨県,丹波山村,全部過疎,,19443,北都留郡丹波山村,village
416,長野県,上田市,一部過疎,武石村,20203,上田市,city
417,長野県,飯田市,一部過疎,上村、南信濃村,20205,飯田市,city
418,長野県,伊那市,一部過疎,高遠町、長谷村,20209,伊那市,city
419,長野県,中野市,一部過疎,豊田村,20211,中野市,city
420,長野県,大町市,全部過疎,,20212,大町市,city
421,長野県,飯山市,全部過疎,,20213,飯山市,city
422,長野県,塩尻市,一部過疎,楢川村,20215,塩尻市,city
423,長野県,佐久市,一部過疎,望月町,20217,佐久市,city
424,長野県,安曇野市,一部過疎,明科町,20220,安曇野市,city
425,長野県,小海町,全部過疎,,20303,南佐久郡小海町,town
426,長野県,北相木村,全部過疎,,20307,南佐久郡北相木村,village
427,長野県,佐久穂町,全部過疎,,20309,南佐久郡佐久穂町,town
428,長野県,立科町,全部過疎,,20324,北佐久郡立科町,town
429,長野県,長和町,全部過疎,,20350,小県郡長和町,town
430,長野県,中川村,全部過疎,,20386,上伊那郡中川村,village
431,長野県,阿南町,全部過疎,,20404,下伊那郡阿南町,town
432,長野県,阿智村,一部過疎,清内路村、浪合村,20407,下伊那郡阿智村,village
433,長野県,平谷村,全部過疎,,20409,下伊那郡平谷村,village
434,長野県,根羽村,全部過疎,,20410,下伊那郡根羽村,village
435,長野県,売木村,全部過疎,,20412,下伊那郡売木村,village
436,長野県,天龍村,全部過疎,,20413,下伊那郡天龍村,village
437,長野県,泰阜村,全部過疎,,20414,下伊那郡泰阜村,village
438,長野県,大鹿村,全部過疎,,20417,下伊那郡大鹿村,village
439,長野県,上松町,全部過疎,,20422,木曽郡上松町,town
440,長野県,南木曽町,全部過疎,,20423,木曽郡南木曽町,town
441,長野県,木祖村,全部過疎,,20425,木曽郡木祖村,village
442,長野県,王滝村,全部過疎,,20429,木曽郡王滝村,village
443,長野県,大桑村,全部過疎,,20430,木曽郡大桑村,village
444,長野県,木曽町,全部過疎,,20432,木曽郡木曽町,town
445,長野県,麻績村,全部過疎,,20446,東筑摩郡麻績村,village
446,長野県,生坂村,全部過疎,,20448,東筑摩郡生坂村,village
447,長野県,筑北村,全部過疎,,20452,東筑摩郡筑北村,village
448,長野県,小谷村,全部過疎,,20486,北安曇郡小谷村,village
449,長野県,山ノ内町,全部過疎,,20561,下高井郡山ノ内町,town
450,長野県,木島平村,全部過疎,,20562,下高井郡木島平村,village
451,長野県,野沢温泉村,全部過疎,,20563,下高井郡野沢温泉村,village
452,長野県,信濃町,全部過疎,,20583,上水内郡信濃町,town
453,長野県,小川村,全部過疎,,20588,上水内郡小川村,village
454,長野県,飯綱町,全部過疎,,20590,上水内郡飯綱町,town
455,長野県,栄村,全部過疎,,20602,下水内郡栄村,village
456,岐阜県,高山市,一部過疎,清見村、荘川村、久々野町、朝日村、高根村、上宝村,21203,高山市,city
457,岐阜県,関市,一部過疎,洞戸村、板取村、武儀町、上之保村,21205,関市,city
458,岐阜県,中津川市,一部過疎,長野県山口村、坂下町、川上村、加子母村,21206,中津川市,city
459,岐阜県,恵那市,一部過疎,山岡町、明智町、串原村、上矢作町,21210,恵那市,city
460,岐阜県,山県市,一部過疎,美山町,21215,山県市,city
461,岐阜県,飛騨市,全部過疎,,21217,飛騨市,city
462,岐阜県,本巣市,一部過疎,根尾村,21218,本巣市,city
463,岐阜県,郡上市,全部過疎,,21219,郡上市,city
464,岐阜県,下呂市,全部過疎,,21220,下呂市,city
465,岐阜県,海津市,一部過疎,平田町,21221,海津市,city
466,岐阜県,関ケ原町,全部過疎,,21362,不破郡関ケ原町,town
467,岐阜県,揖斐川町,全部過疎,,21401,揖斐郡揖斐川町,town
468,岐阜県,七宗町,全部過疎,,21504,加茂郡七宗町,town
469,岐阜県,八百津町,全部過疎,,21505,加茂郡八百津町,town
470,岐阜県,白川町,全部過疎,,21506,加茂郡白川町,town
471,岐阜県,東白川村,全部過疎,,21507,加茂郡東白川村,village
472,岐阜県,白川村,全部過疎,,21604,大野郡白川村,village
473,静岡県,下田市,全部過疎,,22219,下田市,city
474,静岡県,伊豆市,全部過疎,,22222,伊豆市,city
475,静岡県,河津町,全部過疎,,22302,賀茂郡河津町,town
476,静岡県,南伊豆町,全部過疎,,22304,賀茂郡南伊豆町,town
477,静岡県,松崎町,全部過疎,,22305,賀茂郡松崎町,town
478,静岡県,西伊豆町,全部過疎,,22306,賀茂郡西伊豆町,town
479,静岡県,川根本町,全部過疎,,22429,榛原郡川根本町,town
480,愛知県,新城市,一部過疎,鳳来町、作手村,23221,新城市,city
481,愛知県,設楽町,全部過疎,,23561,北設楽郡設楽町,town
482,愛知県,東栄町,全部過疎,,23562,北設楽郡東栄町,town
483,愛知県,豊根村,全部過疎,,23563,北設楽郡豊根村,village
484,三重県,松阪市,一部過疎,飯南町、飯高町,24204,松阪市,city
485,三重県,尾鷲市,全部過疎,,24209,尾鷲市,city
486,三重県,鳥羽市,全部過疎,,24211,鳥羽市,city
487,三重県,熊野市,全部過疎,,24212,熊野市,city
488,三重県,志摩市,全部過疎,,24215,志摩市,city
489,三重県,伊賀市,一部過疎,島ヶ原村、阿山町、大山田村、青山町,24216,伊賀市,city
490,三重県,大台町,全部過疎,,24443,多気郡大台町,town
491,三重県,大紀町,全部過疎,,24471,度会郡大紀町,town
492,三重県,南伊勢町,全部過疎,,24472,度会郡南伊勢町,town
493,三重県,紀北町,全部過疎,,24543,北牟婁郡紀北町,town
494,滋賀県,長浜市,一部過疎,虎姫町、木之本町、余呉町、西浅井町,25203,長浜市,city
495,滋賀県,高島市,一部過疎,朽木村,25212,高島市,city
496,滋賀県,東近江市,一部過疎,永源寺町、愛東町,25213,東近江市,city
497,滋賀県,甲良町,全部過疎,,25442,犬上郡甲良町,town
498,京都府,福知山市,一部過疎,三和町、夜久野町、大江町,26201,福知山市,city
499,京都府,綾部市,全部過疎,,26203,綾部市,city
500,京都府,宮津市,全部過疎,,26205,宮津市,city
501,京都府,京丹後市,全部過疎,,26212,京丹後市,city
502,京都府,南丹市,みなし過疎,,26213,南丹市,city
503,京都府,木津川市,一部過疎,加茂町,26214,木津川市,city
504,京都府,笠置町,全部過疎,,26364,相楽郡笠置町,town
505,京都府,和束町,全部過疎,,26365,相楽郡和束町,town
506,京都府,南山城村,全部過疎,,26367,相楽郡南山城村,village
507,京都府,京丹波町,全部過疎,,26407,船井郡京丹波町,town
508,京都府,伊根町,全部過疎,,26463,与謝郡伊根町,town
509,京都府,与謝野町,全部過疎,,26465,与謝郡与謝野町,town
510,大阪府,豊能町,全部過疎,,27321,豊能郡豊能町,town
511,大阪府,能勢町,全部過疎,,27322,豊能郡能勢町,town
512,大阪府,岬町,全部過疎,,27366,泉南郡岬町,town
513,大阪府,千早赤阪村,全部過疎,,27383,南河内郡千早赤阪村,village
514,兵庫県,洲本市,全部過疎,,28205,洲本市,city
515,兵庫県,豊岡市,一部過疎,城崎町、竹野町、但東町,28209,豊岡市,city
516,兵庫県,丹波篠山市,一部過疎,篠山町,28221,丹波篠山市,city
517,兵庫県,養父市,全部過疎,,28222,養父市,city
518,兵庫県,丹波市,一部過疎,青垣町、山南町,28223,丹波市,city
519,兵庫県,南あわじ市,一部過疎,西淡町、南淡町,28224,南あわじ市,city
520,兵庫県,朝来市,一部過疎,生野町、山東町、朝来町,28225,朝来市,city
521,兵庫県,淡路市,全部過疎,,28226,淡路市,city
522,兵庫県,宍粟市,全部過疎,,28227,宍粟市,city
523,兵庫県,たつの市,一部過疎,新宮町,28229,たつの市,city
524,兵庫県,多可町,全部過疎,,28365,多可郡多可町,town
525,兵庫県,市川町,全部過疎,,28442,神崎郡市川町,town
526,兵庫県,神河町,全部過疎,,28446,神崎郡神河町,town
527,兵庫県,佐用町,全部過疎,,28501,佐用郡佐用町,town
528,兵庫県,香美町,全部過疎,,28585,美方郡香美町,town
529,兵庫県,新温泉町,全部過疎,,28586,美方郡新温泉町,town
530,奈良県,五條市,全部過疎,,29207,五條市,city
531,奈良県,御所市,全部過疎,,29208,御所市,city
532,奈良県,宇陀市,全部過疎,,29212,宇陀市,city
533,奈良県,山添村,全部過疎,,29322,山辺郡山添村,village
534,奈良県,三宅町,全部過疎,,29362,磯城郡三宅町,town
535,奈良県,曽爾村,全部過疎,,29385,宇陀郡曽爾村,village
536,奈良県,御杖村,全部過疎,,29386,宇陀郡御杖村,village
537,奈良県,高取町,全部過疎,,29401,高市郡高取町,town
538,奈良県,明日香村,全部過疎,,29402,高市郡明日香村,village
539,奈良県,吉野町,全部過疎,,29441,吉野郡吉野町,town
540,奈良県,下市町,全部過疎,,29443,吉野郡下市町,town
541,奈良県,黒滝村,全部過疎,,29444,吉野郡黒滝村,village
542,奈良県,天川村,全部過疎,,29446,吉野郡天川村,village
543,奈良県,野迫川村,全部過疎,,29447,吉野郡野迫川村,village
544,奈良県,十津川村,全部過疎,,29449,吉野郡十津川村,village
545,奈良県,下北山村,全部過疎,,29450,吉野郡下北山村,village
546,奈良県,上北山村,全部過疎,,29451,吉野郡上北山村,village
547,奈良県,川上村,全部過疎,,29452,吉野郡川上村,village
548,奈良県,東吉野村,全部過疎,,29453,吉野郡東吉野村,village
549,和歌山県,海南市,一部過疎,下津町,30202,海南市,city
550,和歌山県,田辺市,みなし過疎,,30206,田辺市,city
551,和歌山県,新宮市,全部過疎,,30207,新宮市,city
552,和歌山県,紀の川市,一部過疎,粉河町、那賀町、桃山町,30208,紀の川市,city
553,和歌山県,紀美野町,全部過疎,,30304,海草郡紀美野町,town
554,和歌山県,かつらぎ町,全部過疎,,30341,伊都郡かつらぎ町,town
555,和歌山県,九度山町,全部過疎,,30343,伊都郡九度山町,town
556,和歌山県,高野町,全部過疎,,30344,伊都郡高野町,town
557,和歌山県,湯浅町,全部過疎,,30361,有田郡湯浅町,town
558,和歌山県,広川町,全部過疎,,30362,有田郡広川町,town
559,和歌山県,有田川町,みなし過疎,,30366,有田郡有田川町,town
560,和歌山県,美浜町,全部過疎,,30381,日高郡美浜町,town
561,和歌山県,由良町,全部過疎,,30383,日高郡由良町,town
562,和歌山県,印南町,全部過疎,,30390,日高郡印南町,town
563,和歌山県,みなべ町,一部過疎,南部川村,30391,日高郡みなべ町,town
564,和歌山県,日高川町,全部過疎,,30392,日高郡日高川町,town
565,和歌山県,白浜町,一部過疎,日置川町,30401,西牟婁郡白浜町,town
566,和歌山県,すさみ町,全部過疎,,30406,西牟婁郡すさみ町,town
567,和歌山県,那智勝浦町,全部過疎,,30421,東牟婁郡那智勝浦町,town
568,和歌山県,太地町,全部過疎,,30422,東牟婁郡太地町,town
569,和歌山県,古座川町,全部過疎,,30424,東牟婁郡古座川町,town
570,和歌山県,北山村,全部過疎,,30427,東牟婁郡北山村,village
571,和歌山県,串本町,全部過疎,,30428,東牟婁郡串本町,town
572,鳥取県,鳥取市,一部過疎,河原町、用瀬町、佐治村、青谷町、福部村,31201,鳥取市,city
573,鳥取県,倉吉市,一部過疎,関金町,31203,倉吉市,city
574,鳥取県,岩美町,全部過疎,,31302,岩美郡岩美町,town
575,鳥取県,若桜町,全部過疎,,31325,八頭郡若桜町,town
576,鳥取県,智頭町,全部過疎,,31328,八頭郡智頭町,town
577,鳥取県,八頭町,全部過疎,,31329,八頭郡八頭町,town
578,鳥取県,三朝町,全部過疎,,31364,東伯郡三朝町,town
579,鳥取県,湯梨浜町,一部過疎,泊村、東郷町,31370,東伯郡湯梨浜町,town
580,鳥取県,琴浦町,全部過疎,,31371,東伯郡琴浦町,town
581,鳥取県,北栄町,一部過疎,大栄町,31372,東伯郡北栄町,town
582,鳥取県,大山町,全部過疎,,31386,西伯郡大山町,town
583,鳥取県,伯耆町,一部過疎,溝口町,31390,西伯郡伯耆町,town
584,鳥取県,日南町,全部過疎,,31401,日野郡日南町,town
585,鳥取県,日野町,全部過疎,,31402,日野郡日野町,town
586,鳥取県,江府町,全部過疎,,31403,日野郡江府町,town
587,島根県,松江市,一部過疎,鹿島町、島根町、美保関町,32201,松江市,city
588,島根県,浜田市,みなし過疎,,32202,浜田市,city
589,島根県,出雲市,一部過疎,佐田町、多伎町,32203,出雲市,city
590,島根県,益田市,全部過疎,,32204,益田市,city
591,島根県,大田市,全部過疎,,32205,大田市,city
592,島根県,安来市,全部過疎,,32206,安来市,city
593,島根県,江津市,全部過疎,,32207,江津市,city
594,島根県,雲南市,全部過疎,,32209,雲南市,city
595,島根県,奥出雲町,全部過疎,,32343,仁多郡奥出雲町,town
596,島根県,飯南町,全部過疎,,32386,飯石郡飯南町,town
597,島根県,川本町,全部過疎,,32441,邑智郡川本町,town
598,島根県,美郷町,全部過疎,,32448,邑智郡美郷町,town
599,島根県,邑南町,全部過疎,,32449,邑智郡邑南町,town
600,島根県,津和野町,全部過疎,,32501,鹿足郡津和野町,town
601,島根県,吉賀町,全部過疎,,32505,鹿足郡吉賀町,town
602,島根県,海士町,全部過疎,,32525,隠岐郡海士町,town
603,島根県,西ノ島町,全部過疎,,32526,隠岐郡西ノ島町,town
604,島根県,知夫村,全部過疎,,32527,隠岐郡知夫村,village
605,島根県,隠岐の島町,全部過疎,,32528,隠岐郡隠岐の島町,town
606,岡山県,津山市,一部過疎,加茂町、阿波村、久米町、勝北町,33203,津山市,city
607,岡山県,井原市,みなし過疎,,33207,井原市,city
608,岡山県,高梁市,全部過疎,,33209,高梁市,city
609,岡山県,新見市,全部過疎,,33210,新見市,city
610,岡山県,備前市,全部過疎,,33211,備前市,city
611,岡山県,瀬戸内市,一部過疎,牛窓町,33212,瀬戸内市,city
612,岡山県,赤磐市,一部過疎,赤坂町、吉井町,33213,赤磐市,city
613,岡山県,真庭市,全部過疎,,33214,真庭市,city
614,岡山県,美作市,全部過疎,,33215,美作市,city
615,岡山県,浅口市,一部過疎,寄島町,33216,浅口市,city
616,岡山県,和気町,全部過疎,,33346,和気郡和気町,town
617,岡山県,矢掛町,全部過疎,,33461,小田郡矢掛町,town
618,岡山県,新庄村,全部過疎,,33586,真庭郡新庄村,village
619,岡山県,鏡野町,全部過疎,,33606,苫田郡鏡野町,town
620,岡山県,奈義町,全部過疎,,33623,勝田郡奈義町,town
621,岡山県,西粟倉村,全部過疎,,33643,英田郡西粟倉村,village
622,岡山県,久米南町,全部過疎,,33663,久米郡久米南町,town
623,岡山県,美咲町,全部過疎,,33666,久米郡美咲町,town
624,岡山県,吉備中央町,全部過疎,,33681,加賀郡吉備中央町,town
625,広島県,呉市,一部過疎,音戸町、倉橋町、下蒲刈町、蒲刈町、川尻町、豊浜町、豊町、安浦町,34202,呉市,city
626,広島県,三原市,一部過疎,大和町、久井町,34204,三原市,city
627,広島県,尾道市,一部過疎,因島市、瀬戸田町、御調町、向島町,34205,尾道市,city
628,広島県,府中市,全部過疎,,34208,府中市,city
629,広島県,三次市,全部過疎,,34209,三次市,city
630,広島県,庄原市,全部過疎,,34210,庄原市,city
631,広島県,廿日市市,一部過疎,吉和村、宮島町、佐伯町,34213,廿日市市,city
632,広島県,安芸高田市,全部過疎,,34214,安芸高田市,city
633,広島県,江田島市,全部過疎,,34215,江田島市,city
634,広島県,安芸太田町,全部過疎,,34368,山県郡安芸太田町,town
635,広島県,北広島町,全部過疎,,34369,山県郡北広島町,town
636,広島県,大崎上島町,全部過疎,,34431,豊田郡大崎上島町,town
637,広島県,世羅町,全部過疎,,34462,世羅郡世羅町,town
638,広島県,神石高原町,全部過疎,,34545,神石郡神石高原町,town
639,山口県,下関市,一部過疎,豊田町、豊北町、豊浦町,35201,下関市,city
640,山口県,山口市,一部過疎,徳地町、秋穂町、阿東町,35203,山口市,city
641,山口県,萩市,全部過疎,,35204,萩市,city
642,山口県,岩国市,一部過疎,本郷村、錦町、美川町、美和町、周東町,35208,岩国市,city
643,山口県,長門市,全部過疎,,35211,長門市,city
644,山口県,柳井市,一部過疎,大畠町、柳井市,35212,柳井市,city
645,山口県,美祢市,全部過疎,,35213,美祢市,city
646,山口県,周防大島町,全部過疎,,35305,大島郡周防大島町,town
647,山口県,上関町,全部過疎,,35341,熊毛郡上関町,town
648,山口県,阿武町,全部過疎,,35502,阿武郡阿武町,town
649,徳島県,吉野川市,一部過疎,美郷村、山川町,36205,吉野川市,city
650,徳島県,阿波市,一部過疎,市場町,36206,阿波市,city
651,徳島県,美馬市,全部過疎,,36207,美馬市,city
652,徳島県,三好市,全部過疎,,36208,三好市,city
653,徳島県,勝浦町,全部過疎,,36301,勝浦郡勝浦町,town
654,徳島県,上勝町,全部過疎,,36302,勝浦郡上勝町,town
655,徳島県,佐那河内村,全部過疎,,36321,名東郡佐那河内村,village
656,徳島県,神山町,全部過疎,,36342,名西郡神山町,town
657,徳島県,那賀町,全部過疎,,36368,那賀郡那賀町,town
658,徳島県,牟岐町,全部過疎,,36383,海部郡牟岐町,town
659,徳島県,美波町,全部過疎,,36387,海部郡美波町,town
660,徳島県,海陽町,全部過疎,,36388,海部郡海陽町,town
661,徳島県,つるぎ町,全部過疎,,36468,美馬郡つるぎ町,town
662,香川県,観音寺市,一部過疎,豊浜町,37205,観音寺市,city
663,香川県,さぬき市,一部過疎,津田町、大川町,37206,さぬき市,city
664,香川県,東かがわ市,全部過疎,,37207,東かがわ市,city
665,香川県,三豊市,一部過疎,詫間町、仁尾町、財田町,37208,三豊市,city
666,香川県,土庄町,全部過疎,,37322,小豆郡土庄町,town
667,香川県,小豆島町,全部過疎,,37324,小豆郡小豆島町,town
668,香川県,直島町,全部過疎,,37364,香川郡直島町,town
669,香川県,綾川町,一部過疎,綾上町,37387,綾歌郡綾川町,town
670,香川県,琴平町,全部過疎,,37403,仲多度郡琴平町,town
671,香川県,まんのう町,全部過疎,,37406,仲多度郡まんのう町,town
672,愛媛県,今治市,一部過疎,菊間町、吉海町、宮窪町、伯方町、上浦町、大三島町、関前村,38202,今治市,city
673,愛媛県,宇和島市,全部過疎,,38203,宇和島市,city
674,愛媛県,八幡浜市,全部過疎,,38204,八幡浜市,city
675,愛媛県,大洲市,全部過疎,,38207,大洲市,city
676,愛媛県,伊予市,みなし過疎,,38210,伊予市,city
677,愛媛県,西予市,全部過疎,,38214,西予市,city
678,愛媛県,上島町,全部過疎,,38356,越智郡上島町,town
679,愛媛県,久万高原町,全部過疎,,38386,上浮穴郡久万高原町,town
680,愛媛県,砥部町,一部過疎,広田村,38402,伊予郡砥部町,town
681,愛媛県,内子町,全部過疎,,38422,喜多郡内子町,town
682,愛媛県,伊方町,一部過疎,伊方町、瀬戸町、三崎町,38442,西宇和郡伊方町,town
683,愛媛県,松野町,全部過疎,,38484,北宇和郡松野町,town
684,愛媛県,鬼北町,全部過疎,,38488,北宇和郡鬼北町,town
685,愛媛県,愛南町,全部過疎,,38506,南宇和郡愛南町,town
686,高知県,高知市,一部過疎,鏡村、土佐山村,39201,高知市,city
687,高知県,室戸市,全部過疎,,39202,室戸市,city
688,高知県,安芸市,全部過疎,,39203,安芸市,city
689,高知県,須崎市,全部過疎,,39206,須崎市,city
690,高知県,宿毛市,全部過疎,,39208,宿毛市,city
691,高知県,土佐清水市,全部過疎,,39209,土佐清水市,city
692,高知県,四万十市,一部過疎,西土佐村,39210,四万十市,city
693,高知県,香南市,一部過疎,赤岡町、夜須町、吉川村,39211,香南市,city
694,高知県,香美市,全部過疎,,39212,香美市,city
695,高知県,東洋町,全部過疎,,39301,安芸郡東洋町,town
696,高知県,奈半利町,全部過疎,,39302,安芸郡奈半利町,town
697,高知県,田野町,全部過疎,,39303,安芸郡田野町,town
698,高知県,安田町,全部過疎,,39304,安芸郡安田町,town
699,高知県,北川村,全部過疎,,39305,安芸郡北川村,village
700,高知県,馬路村,全部過疎,,39306,安芸郡馬路村,village
701,高知県,本山町,全部過疎,,39341,長岡郡本山町,town
702,高知県,大豊町,全部過疎,,39344,長岡郡大豊町,town
703,高知県,土佐町,全部過疎,,39363,土佐郡土佐町,town
704,高知県,大川村,全部過疎,,39364,土佐郡大川村,village
705,高知県,いの町,全部過疎,,39386,吾川郡いの町,town
706,高知県,仁淀川町,全部過疎,,39387,吾川郡仁淀川町,town
707,高知県,中土佐町,全部過疎,,39401,高岡郡中土佐町,town
708,高知県,越知町,全部過疎,,39403,高岡郡越知町,town
709,高知県,檮原町,全部過疎,,39405,高岡郡檮原町,town
710,高知県,津野町,全部過疎,,39411,高岡郡津野町,town
711,高知県,四万十町,全部過疎,,39412,高岡郡四万十町,town
712,高知県,大月町,全部過疎,,39424,幡多郡大月町,town
713,高知県,三原村,全部過疎,,39427,幡多郡三原村,village
714,高知県,黒潮町,全部過疎,,39428,幡多郡黒潮町,town
715,福岡県,飯塚市,一部過疎,筑穂町、頴田町,40205,飯塚市,city
716,福岡県,田川市,全部過疎,,40206,田川市,city
717,福岡県,柳川市,一部過疎,大和町、柳川市,40207,柳川市,city
718,福岡県,八女市,全部過疎,,40210,八女市,city
719,福岡県,宗像市,一部過疎,大島村,40220,宗像市,city
720,福岡県,うきは市,一部過疎,浮羽町,40225,うきは市,city
721,福岡県,嘉麻市,全部過疎,,40227,嘉麻市,city
722,福岡県,朝倉市,一部過疎,杷木町、朝倉町,40228,朝倉市,city
723,福岡県,みやま市,全部過疎,,40229,みやま市,city
724,福岡県,芦屋町,全部過疎,,40381,遠賀郡芦屋町,town
725,福岡県,小竹町,全部過疎,,40401,鞍手郡小竹町,town
726,福岡県,鞍手町,全部過疎,,40402,鞍手郡鞍手町,town
727,福岡県,東峰村,全部過疎,,40448,朝倉郡東峰村,village
728,福岡県,香春町,全部過疎,,40601,田川郡香春町,town
729,福岡県,添田町,全部過疎,,40602,田川郡添田町,town
730,福岡県,糸田町,全部過疎,,40604,田川郡糸田町,town
731,福岡県,川崎町,全部過疎,,40605,田川郡川崎町,town
732,福岡県,大任町,全部過疎,,40608,田川郡大任町,town
733,福岡県,赤村,全部過疎,,40609,田川郡赤村,village
734,福岡県,福智町,全部過疎,,40610,田川郡福智町,town
735,福岡県,みやこ町,全部過疎,,40625,京都郡みやこ町,town
736,福岡県,上毛町,全部過疎,,40646,築上郡上毛町,town
737,福岡県,築上町,全部過疎,,40647,築上郡築上町,town
738,佐賀県,佐賀市,一部過疎,富士町、三瀬村,41201,佐賀市,city
739,佐賀県,唐津市,一部過疎,七山村、厳木町、相知町、肥前町、鎮西町、呼子町,41202,唐津市,city
740,佐賀県,多久市,全部過疎,,41204,多久市,city
741,佐賀県,武雄市,一部過疎,北方町,41206,武雄市,city
742,佐賀県,小城市,一部過疎,芦刈町,41208,小城市,city
743,佐賀県,神埼市,一部過疎,脊振村,41210,神埼市,city
744,佐賀県,有田町,一部過疎,有田町,41401,西松浦郡有田町,town
745,佐賀県,大町町,全部過疎,,41423,杵島郡大町町,town
746,佐賀県,江北町,全部過疎,,41424,杵島郡江北町,town
747,佐賀県,白石町,全部過疎,,41425,杵島郡白石町,town
748,佐賀県,太良町,全部過疎,,41441,藤津郡太良町,town
749,長崎県,長崎市,一部過疎,香焼町、伊王島町、高島町、野母崎町、外海町、三和町,42201,長崎市,city
750,長崎県,佐世保市,一部過疎,宇久町、江迎町、鹿町町、小佐々町、吉井町、世知原町,42202,佐世保市,city
751,長崎県,島原市,全部過疎,,42203,島原市,city
752,長崎県,諫早市,一部過疎,小長井町,42204,諫早市,city
753,長崎県,平戸市,全部過疎,,42207,平戸市,city
754,長崎県,松浦市,全部過疎,,42208,松浦市,city
755,長崎県,対馬市,全部過疎,,42209,対馬市,city
756,長崎県,壱岐市,全部過疎,,42210,壱岐市,city
757,長崎県,五島市,全部過疎,,42211,五島市,city
758,長崎県,西海市,全部過疎,,42212,西海市,city
759,長崎県,雲仙市,全部過疎,,42213,雲仙市,city
760,長崎県,南島原市,全部過疎,,42214,南島原市,city
761,長崎県,東彼杵町,全部過疎,,42321,東彼杵郡東彼杵町,town
762,長崎県,小値賀町,全部過疎,,42383,北松浦郡小値賀町,town
763,長崎県,新上五島町,全部過疎,,42411,南松浦郡新上五島町,town
764,熊本県,八代市,一部過疎,坂本村、東陽村、泉村、鏡町,43202,八代市,city
765,熊本県,人吉市,全部過疎,,43203,人吉市,city
766,熊本県,水俣市,全部過疎,,43205,水俣市,city
767,熊本県,玉名市,一部過疎,天水町,43206,玉名市,city
768,熊本県,山鹿市,みなし過疎,,43208,山鹿市,city
769,熊本県,菊池市,一部過疎,旭志村,43210,菊池市,city
770,熊本県,上天草市,全部過疎,,43212,上天草市,city
771,熊本県,宇城市,一部過疎,三角町、豊野町,43213,宇城市,city
772,熊本県,阿蘇市,全部過疎,,43214,阿蘇市,city
773,熊本県,天草市,全部過疎,,43215,天草市,city
774,熊本県,美里町,全部過疎,,43348,下益城郡美里町,town
775,熊本県,南関町,全部過疎,,43367,玉名郡南関町,town
776,熊本県,和水町,全部過疎,,43369,玉名郡和水町,town
777,熊本県,南小国町,全部過疎,,43423,阿蘇郡南小国町,town
778,熊本県,小国町,全部過疎,,43424,阿蘇郡小国町,town
779,熊本県,産山村,全部過疎,,43425,阿蘇郡産山村,village
780,熊本県,高森町,全部過疎,,43428,阿蘇郡高森町,town
781,熊本県,南阿蘇村,全部過疎,,43433,阿蘇郡南阿蘇村,village
782,熊本県,甲佐町,全部過疎,,43444,上益城郡甲佐町,town
783,熊本県,山都町,全部過疎,,43447,上益城郡山都町,town
784,熊本県,氷川町,一部過疎,竜北町,43468,八代郡氷川町,town
785,熊本県,芦北町,全部過疎,,43482,葦北郡芦北町,town
786,熊本県,津奈木町,全部過疎,,43484,葦北郡津奈木町,town
787,熊本県,多良木町,全部過疎,,43505,球磨郡多良木町,town
788,熊本県,湯前町,全部過疎,,43506,球磨郡湯前町,town
789,熊本県,水上村,全部過疎,,43507,球磨郡水上村,village
790,熊本県,相良村,全部過疎,,43510,球磨郡相良村,village
791,熊本県,五木村,全部過疎,,43511,球磨郡五木村,village
792,熊本県,山江村,全部過疎,,43512,球磨郡山江村,village
793,熊本県,球磨村,全部過疎,,43513,球磨郡球磨村,village
794,熊本県,あさぎり町,全部過疎,,43514,球磨郡あさぎり町,town
795,熊本県,苓北町,全部過疎,,43531,天草郡苓北町,town
796,大分県,中津市,一部過疎,三光村、本耶馬渓町、耶馬溪町、山国町,44203,中津市,city
797,大分県,日田市,全部過疎,,44204,日田市,city
798,大分県,佐伯市,全部過疎,,44205,佐伯市,city
799,大分県,臼杵市,全部過疎,,44206,臼杵市,city
800,大分県,津久見市,全部過疎,,44207,津久見市,city
801,大分県,竹田市,全部過疎,,44208,竹田市,city
802,大分県,豊後高田市,全部過疎,,44209,豊後高田市,city
803,大分県,杵築市,みなし過疎,,44210,杵築市,city
804,大分県,宇佐市,みなし過疎,,44211,宇佐市,city
805,大分県,豊後大野市,全部過疎,,44212,豊後大野市,city
806,大分県,由布市,一部過疎,庄内町,44213,由布市,city
807,大分県,国東市,全部過疎,,44214,国東市,city
808,大分県,姫島村,全部過疎,,44322,東国東郡姫島村,village
809,大分県,九重町,全部過疎,,44461,玖珠郡九重町,town
810,大分県,玖珠町,全部過疎,,44462,玖珠郡玖珠町,town
811,宮崎県,都城市,一部過疎,高城町、高崎町、山之口町、山田町,45202,都城市,city
812,宮崎県,延岡市,一部過疎,北方町、北川町、北浦町,45203,延岡市,city
813,宮崎県,日南市,全部過疎,,45204,日南市,city
814,宮崎県,小林市,一部過疎,野尻町、須木村,45205,小林市,city
815,宮崎県,日向市,一部過疎,東郷町,45206,日向市,city
816,宮崎県,串間市,全部過疎,,45207,串間市,city
817,宮崎県,えびの市,全部過疎,,45209,えびの市,city
818,宮崎県,高原町,全部過疎,,45361,西諸県郡高原町,town
819,宮崎県,西米良村,全部過疎,,45403,児湯郡西米良村,village
820,宮崎県,都農町,全部過疎,,45406,児湯郡都農町,town
821,宮崎県,諸塚村,全部過疎,,45429,東臼杵郡諸塚村,village
822,宮崎県,椎葉村,全部過疎,,45430,東臼杵郡椎葉村,village
823,宮崎県,美郷町,全部過疎,,45431,東臼杵郡美郷町,town
824,宮崎県,高千穂町,全部過疎,,45441,西臼杵郡高千穂町,town
825,宮崎県,日之影町,全部過疎,,45442,西臼杵郡日之影町,town
826,宮崎県,五ヶ瀬町,全部過疎,,45443,西臼杵郡五ヶ瀬町,town
827,鹿児島県,鹿屋市,一部過疎,輝北町、吾平町,46203,鹿屋市,city
828,鹿児島県,枕崎市,全部過疎,,46204,枕崎市,city
829,鹿児島県,阿久根市,全部過疎,,46206,阿久根市,city
830,鹿児島県,出水市,一部過疎,野田町,46208,出水市,city
831,鹿児島県,指宿市,全部過疎,,46210,指宿市,city
832,鹿児島県,西之表市,全部過疎,,46213,西之表市,city
833,鹿児島県,垂水市,全部過疎,,46214,垂水市,city
834,鹿児島県,薩摩川内市,一部過疎,樋脇町、入来町、東郷町、祁答院町、里村、上甑村、下甑村、鹿島村,46215,薩摩川内市,city
835,鹿児島県,日置市,一部過疎,東市来町、日吉町、吹上町,46216,日置市,city
836,鹿児島県,曽於市,全部過疎,,46217,曽於市,city
837,鹿児島県,霧島市,一部過疎,横川町、牧園町、霧島町、福山町,46218,霧島市,city
838,鹿児島県,いちき串木野市,全部過疎,,46219,いちき串木野市,city
839,鹿児島県,南さつま市,全部過疎,,46220,南さつま市,city
840,鹿児島県,志布志市,全部過疎,,46221,志布志市,city
841,鹿児島県,奄美市,全部過疎,,46222,奄美市,city
842,鹿児島県,南九州市,全部過疎,,46223,南九州市,city
843,鹿児島県,伊佐市,全部過疎,,46224,伊佐市,city
844,鹿児島県,姶良市,一部過疎,蒲生町,46225,姶良市,city
845,鹿児島県,三島村,全部過疎,,46303,鹿児島郡三島村,village
846,鹿児島県,十島村,全部過疎,,46304,鹿児島郡十島村,village
847,鹿児島県,さつま町,全部過疎,,46392,薩摩郡さつま町,town
848,鹿児島県,長島町,全部過疎,,46404,出水郡長島町,town
849,鹿児島県,湧水町,全部過疎,,46452,姶良郡湧水町,town
850,鹿児島県,大崎町,全部過疎,,46468,曽於郡大崎町,town
851,鹿児島県,東串良町,全部過疎,,46482,肝属郡東串良町,town
852,鹿児島県,錦江町,全部過疎,,46490,肝属郡錦江町,town
853,鹿児島県,南大隅町,全部過疎,,46491,肝属郡南大隅町,town
854,鹿児島県,肝付町,全部過疎,,46492,肝属郡肝付町,town
855,鹿児島県,中種子町,全部過疎,,46501,熊毛郡中種子町,town
856,鹿児島県,南種子町,全部過疎,,46502,熊毛郡南種子町,town
857,鹿児島県,屋久島町,全部過疎,,46505,熊毛郡屋久島町,town
858,鹿児島県,大和村,全部過疎,,46523,大島郡大和村,village
859,鹿児島県,宇検村,全部過疎,,46524,大島郡宇検村,village
860,鹿児島県,瀬戸内町,全部過疎,,46525,大島郡瀬戸内町,town
861,鹿児島県,龍郷町,全部過疎,,46527,大島郡龍郷町,town
862,鹿児島県,喜界町,全部過疎,,46529,大島郡喜界町,town
863,鹿児島県,徳之島町,全部過疎,,46530,大島郡徳之島町,town
864,鹿児島県,天城町,全部過疎,,46531,大島郡天城町,town
865,鹿児島県,伊仙町,全部過疎,,46532,大島郡伊仙町,town
866,鹿児島県,和泊町,全部過疎,,46533,大島郡和泊町,town
867,鹿児島県,知名町,全部過疎,,46534,大島郡知名町,town
868,鹿児島県,与論町,全部過疎,,46535,大島郡与論町,town
869,沖縄県,宮古島市,みなし過疎,,47214,宮古島市,city
870,沖縄県,南城市,一部過疎,知念村,47215,南城市,city
871,沖縄県,国頭村,全部過疎,,47301,国頭郡国頭村,village
872,沖縄県,大宜味村,全部過疎,,47302,国頭郡大宜味村,village
873,沖縄県,東村,全部過疎,,47303,国頭郡東村,village
874,沖縄県,本部町,全部過疎,,47308,国頭郡本部町,town
875,沖縄県,伊江村,全部過疎,,47315,国頭郡伊江村,village
876,沖縄県,渡嘉敷村,全部過疎,,47353,島尻郡渡嘉敷村,village
877,沖縄県,座間味村,全部過疎,,47354,島尻郡座間味村,village
878,沖縄県,粟国村,全部過疎,,47355,島尻郡粟国村,village
879,沖縄県,渡名喜村,全部過疎,,47356,島尻郡渡名喜村,village
880,沖縄県,南大東村,全部過疎,,47357,島尻郡南大東村,village
881,沖縄県,伊平屋村,全部過疎,,47359,島尻郡伊平屋村,village
882,沖縄県,伊是名村,全部過疎,,47360,島尻郡伊是名村,village
883,沖縄県,久米島町,全部過疎,,47361,島尻郡久米島町,town
884,沖縄県,多良間村,全部過疎,,47375,宮古郡多良間村,village
885,沖縄県,与那国町,全部過疎,,47382,八重山郡与那国町,town
